year,avg_tree_ring_width,lat,long,elevation,tree_species,organism_group
969,164.5,51.75041,-0.34223,,"Quercus spp. L.
",0
970,188.5,51.75041,-0.34223,,"Quercus spp. L.
",0
971,139.0,51.75041,-0.34223,,"Quercus spp. L.
",0
972,173.0,51.75041,-0.34223,,"Quercus spp. L.
",0
973,221.0,51.75041,-0.34223,,"Quercus spp. L.
",0
974,157.0,51.75041,-0.34223,,"Quercus spp. L.
",0
975,206.5,51.75041,-0.34223,,"Quercus spp. L.
",0
976,133.5,51.75041,-0.34223,,"Quercus spp. L.
",0
977,153.5,51.75041,-0.34223,,"Quercus spp. L.
",0
978,171.0,51.75041,-0.34223,,"Quercus spp. L.
",0
979,161.0,51.75041,-0.34223,,"Quercus spp. L.
",0
980,204.5,51.75041,-0.34223,,"Quercus spp. L.
",0
981,142.0,51.75041,-0.34223,,"Quercus spp. L.
",0
982,170.0,51.75041,-0.34223,,"Quercus spp. L.
",0
983,191.5,51.75041,-0.34223,,"Quercus spp. L.
",0
984,168.5,51.75041,-0.34223,,"Quercus spp. L.
",0
985,193.5,51.75041,-0.34223,,"Quercus spp. L.
",0
986,193.5,51.75041,-0.34223,,"Quercus spp. L.
",0
987,184.5,51.75041,-0.34223,,"Quercus spp. L.
",0
988,156.5,51.75041,-0.34223,,"Quercus spp. L.
",0
989,243.0,51.75041,-0.34223,,"Quercus spp. L.
",0
990,155.5,51.75041,-0.34223,,"Quercus spp. L.
",0
991,247.0,51.75041,-0.34223,,"Quercus spp. L.
",0
992,245.0,51.75041,-0.34223,,"Quercus spp. L.
",0
993,219.0,51.75041,-0.34223,,"Quercus spp. L.
",0
994,217.5,51.75041,-0.34223,,"Quercus spp. L.
",0
995,152.25,51.75041,-0.34223,,"Quercus spp. L.
",0
996,147.75,51.75041,-0.34223,,"Quercus spp. L.
",0
997,155.0,51.75041,-0.34223,,"Quercus spp. L.
",0
998,187.25,51.75041,-0.34223,,"Quercus spp. L.
",0
999,296.75,51.75041,-0.34223,,"Quercus spp. L.
",0
1000,205.5,51.75041,-0.34223,,"Quercus spp. L.
",0
1001,226.0,51.75041,-0.34223,,"Quercus spp. L.
",0
1002,217.75,51.75041,-0.34223,,"Quercus spp. L.
",0
1003,256.0,51.75041,-0.34223,,"Quercus spp. L.
",0
1004,240.75,51.75041,-0.34223,,"Quercus spp. L.
",0
1005,202.75,51.75041,-0.34223,,"Quercus spp. L.
",0
1006,225.75,51.75041,-0.34223,,"Quercus spp. L.
",0
1007,197.25,51.75041,-0.34223,,"Quercus spp. L.
",0
1008,264.5,51.75041,-0.34223,,"Quercus spp. L.
",0
1009,197.25,51.75041,-0.34223,,"Quercus spp. L.
",0
1010,190.25,51.75041,-0.34223,,"Quercus spp. L.
",0
1011,180.25,51.75041,-0.34223,,"Quercus spp. L.
",0
1012,250.25,51.75041,-0.34223,,"Quercus spp. L.
",0
1013,236.0,51.75041,-0.34223,,"Quercus spp. L.
",0
1014,188.5,51.75041,-0.34223,,"Quercus spp. L.
",0
1015,218.5,51.75041,-0.34223,,"Quercus spp. L.
",0
1016,146.25,51.75041,-0.34223,,"Quercus spp. L.
",0
1017,163.5,51.75041,-0.34223,,"Quercus spp. L.
",0
1018,191.0,51.75041,-0.34223,,"Quercus spp. L.
",0
1019,155.25,51.75041,-0.34223,,"Quercus spp. L.
",0
1020,155.0,51.75041,-0.34223,,"Quercus spp. L.
",0
1021,210.25,51.75041,-0.34223,,"Quercus spp. L.
",0
1022,184.0,51.75041,-0.34223,,"Quercus spp. L.
",0
1023,204.0,51.75041,-0.34223,,"Quercus spp. L.
",0
1024,227.25,51.75041,-0.34223,,"Quercus spp. L.
",0
1025,157.0,51.75041,-0.34223,,"Quercus spp. L.
",0
1026,197.0,51.75041,-0.34223,,"Quercus spp. L.
",0
1027,177.75,51.75041,-0.34223,,"Quercus spp. L.
",0
1028,152.75,51.75041,-0.34223,,"Quercus spp. L.
",0
1029,139.75,51.75041,-0.34223,,"Quercus spp. L.
",0
1030,182.25,51.75041,-0.34223,,"Quercus spp. L.
",0
1031,179.5,51.75041,-0.34223,,"Quercus spp. L.
",0
1032,148.0,51.75041,-0.34223,,"Quercus spp. L.
",0
1033,118.75,51.75041,-0.34223,,"Quercus spp. L.
",0
1034,128.75,51.75041,-0.34223,,"Quercus spp. L.
",0
1035,151.0,51.75041,-0.34223,,"Quercus spp. L.
",0
1036,128.5,51.75041,-0.34223,,"Quercus spp. L.
",0
1037,150.25,51.75041,-0.34223,,"Quercus spp. L.
",0
1038,147.75,51.75041,-0.34223,,"Quercus spp. L.
",0
1039,158.0,51.75041,-0.34223,,"Quercus spp. L.
",0
1040,187.75,51.75041,-0.34223,,"Quercus spp. L.
",0
1041,217.25,51.75041,-0.34223,,"Quercus spp. L.
",0
1042,187.5,51.75041,-0.34223,,"Quercus spp. L.
",0
1043,113.25,51.75041,-0.34223,,"Quercus spp. L.
",0
1044,98.75,51.75041,-0.34223,,"Quercus spp. L.
",0
1045,101.75,51.75041,-0.34223,,"Quercus spp. L.
",0
1046,95.5,51.75041,-0.34223,,"Quercus spp. L.
",0
1047,123.25,51.75041,-0.34223,,"Quercus spp. L.
",0
1048,106.75,51.75041,-0.34223,,"Quercus spp. L.
",0
1049,112.0,51.75041,-0.34223,,"Quercus spp. L.
",0
1050,73.0,51.75041,-0.34223,,"Quercus spp. L.
",0
1051,95.0,51.75041,-0.34223,,"Quercus spp. L.
",0
1052,105.0,51.75041,-0.34223,,"Quercus spp. L.
",0
1053,557.75,51.75041,-0.34223,,"Quercus spp. L.
",0
1511,484.0,37.42,30.28,1601.0,"Pinus nigra J.F. Arnold
",0
1512,370.0,37.42,30.28,1601.0,"Pinus nigra J.F. Arnold
",0
1513,299.0,37.42,30.28,1601.0,"Pinus nigra J.F. Arnold
",0
1514,382.0,37.42,30.28,1601.0,"Pinus nigra J.F. Arnold
",0
1515,267.0,37.42,30.28,1601.0,"Pinus nigra J.F. Arnold
",0
1516,243.0,37.42,30.28,1601.0,"Pinus nigra J.F. Arnold
",0
1517,202.0,37.42,30.28,1601.0,"Pinus nigra J.F. Arnold
",0
1518,263.0,37.42,30.28,1601.0,"Pinus nigra J.F. Arnold
",0
1519,229.0,37.42,30.28,1601.0,"Pinus nigra J.F. Arnold
",0
1520,243.0,37.42,30.28,1601.0,"Pinus nigra J.F. Arnold
",0
1521,221.0,37.42,30.28,1601.0,"Pinus nigra J.F. Arnold
",0
1522,247.0,37.42,30.28,1601.0,"Pinus nigra J.F. Arnold
",0
1523,226.0,37.42,30.28,1601.0,"Pinus nigra J.F. Arnold
",0
1524,226.0,37.42,30.28,1601.0,"Pinus nigra J.F. Arnold
",0
1525,241.0,37.42,30.28,1601.0,"Pinus nigra J.F. Arnold
",0
1526,195.0,37.42,30.28,1601.0,"Pinus nigra J.F. Arnold
",0
1527,238.0,37.42,30.28,1601.0,"Pinus nigra J.F. Arnold
",0
1528,242.0,37.42,30.28,1601.0,"Pinus nigra J.F. Arnold
",0
1529,184.0,37.42,30.28,1601.0,"Pinus nigra J.F. Arnold
",0
1530,225.0,37.42,30.28,1601.0,"Pinus nigra J.F. Arnold
",0
1531,195.0,37.42,30.28,1601.0,"Pinus nigra J.F. Arnold
",0
1532,222.0,37.42,30.28,1601.0,"Pinus nigra J.F. Arnold
",0
1533,189.0,37.42,30.28,1601.0,"Pinus nigra J.F. Arnold
",0
1534,259.0,37.42,30.28,1601.0,"Pinus nigra J.F. Arnold
",0
1535,230.0,37.42,30.28,1601.0,"Pinus nigra J.F. Arnold
",0
1536,186.0,37.42,30.28,1601.0,"Pinus nigra J.F. Arnold
",0
1537,271.0,37.42,30.28,1601.0,"Pinus nigra J.F. Arnold
",0
1538,253.0,37.42,30.28,1601.0,"Pinus nigra J.F. Arnold
",0
1539,240.0,37.42,30.28,1601.0,"Pinus nigra J.F. Arnold
",0
1540,187.0,37.42,30.28,1601.0,"Pinus nigra J.F. Arnold
",0
1541,210.0,37.42,30.28,1601.0,"Pinus nigra J.F. Arnold
",0
1542,177.0,37.42,30.28,1601.0,"Pinus nigra J.F. Arnold
",0
1543,210.0,37.42,30.28,1601.0,"Pinus nigra J.F. Arnold
",0
1544,204.0,37.42,30.28,1601.0,"Pinus nigra J.F. Arnold
",0
1545,185.0,37.42,30.28,1601.0,"Pinus nigra J.F. Arnold
",0
1546,206.0,37.42,30.28,1601.0,"Pinus nigra J.F. Arnold
",0
1547,191.0,37.42,30.28,1601.0,"Pinus nigra J.F. Arnold
",0
1548,189.0,37.42,30.28,1601.0,"Pinus nigra J.F. Arnold
",0
1549,199.0,37.42,30.28,1601.0,"Pinus nigra J.F. Arnold
",0
1550,218.5,37.42,30.28,1601.0,"Pinus nigra J.F. Arnold
",0
1551,187.0,37.42,30.28,1601.0,"Pinus nigra J.F. Arnold
",0
1552,163.5,37.42,30.28,1601.0,"Pinus nigra J.F. Arnold
",0
1553,228.5,37.42,30.28,1601.0,"Pinus nigra J.F. Arnold
",0
1554,220.5,37.42,30.28,1601.0,"Pinus nigra J.F. Arnold
",0
1555,263.5,37.42,30.28,1601.0,"Pinus nigra J.F. Arnold
",0
1556,268.0,37.42,30.28,1601.0,"Pinus nigra J.F. Arnold
",0
1557,187.5,37.42,30.28,1601.0,"Pinus nigra J.F. Arnold
",0
1558,152.0,37.42,30.28,1601.0,"Pinus nigra J.F. Arnold
",0
1559,217.0,37.42,30.28,1601.0,"Pinus nigra J.F. Arnold
",0
1560,181.0,37.42,30.28,1601.0,"Pinus nigra J.F. Arnold
",0
1561,118.5,37.42,30.28,1601.0,"Pinus nigra J.F. Arnold
",0
1562,139.5,37.42,30.28,1601.0,"Pinus nigra J.F. Arnold
",0
1563,157.0,37.42,30.28,1601.0,"Pinus nigra J.F. Arnold
",0
1564,168.5,37.42,30.28,1601.0,"Pinus nigra J.F. Arnold
",0
1565,149.5,37.42,30.28,1601.0,"Pinus nigra J.F. Arnold
",0
1566,158.0,37.42,30.28,1601.0,"Pinus nigra J.F. Arnold
",0
1567,132.0,37.42,30.28,1601.0,"Pinus nigra J.F. Arnold
",0
1568,136.0,37.42,30.28,1601.0,"Pinus nigra J.F. Arnold
",0
1569,170.0,37.42,30.28,1601.0,"Pinus nigra J.F. Arnold
",0
1570,144.0,37.42,30.28,1601.0,"Pinus nigra J.F. Arnold
",0
1571,131.5,37.42,30.28,1601.0,"Pinus nigra J.F. Arnold
",0
1572,134.5,37.42,30.28,1601.0,"Pinus nigra J.F. Arnold
",0
1573,128.5,37.42,30.28,1601.0,"Pinus nigra J.F. Arnold
",0
1574,130.0,37.42,30.28,1601.0,"Pinus nigra J.F. Arnold
",0
1575,129.5,37.42,30.28,1601.0,"Pinus nigra J.F. Arnold
",0
1576,132.5,37.42,30.28,1601.0,"Pinus nigra J.F. Arnold
",0
1577,133.5,37.42,30.28,1601.0,"Pinus nigra J.F. Arnold
",0
1578,156.5,37.42,30.28,1601.0,"Pinus nigra J.F. Arnold
",0
1579,182.0,37.42,30.28,1601.0,"Pinus nigra J.F. Arnold
",0
1580,143.0,37.42,30.28,1601.0,"Pinus nigra J.F. Arnold
",0
1581,135.5,37.42,30.28,1601.0,"Pinus nigra J.F. Arnold
",0
1582,136.0,37.42,30.28,1601.0,"Pinus nigra J.F. Arnold
",0
1583,124.5,37.42,30.28,1601.0,"Pinus nigra J.F. Arnold
",0
1584,148.5,37.42,30.28,1601.0,"Pinus nigra J.F. Arnold
",0
1585,117.0,37.42,30.28,1601.0,"Pinus nigra J.F. Arnold
",0
1586,134.5,37.42,30.28,1601.0,"Pinus nigra J.F. Arnold
",0
1587,148.0,37.42,30.28,1601.0,"Pinus nigra J.F. Arnold
",0
1588,151.0,37.42,30.28,1601.0,"Pinus nigra J.F. Arnold
",0
1589,147.0,37.42,30.28,1601.0,"Pinus nigra J.F. Arnold
",0
1590,167.5,37.42,30.28,1601.0,"Pinus nigra J.F. Arnold
",0
1591,109.5,37.42,30.28,1601.0,"Pinus nigra J.F. Arnold
",0
1592,131.5,37.42,30.28,1601.0,"Pinus nigra J.F. Arnold
",0
1593,156.0,37.42,30.28,1601.0,"Pinus nigra J.F. Arnold
",0
1594,151.0,37.42,30.28,1601.0,"Pinus nigra J.F. Arnold
",0
1595,124.0,37.42,30.28,1601.0,"Pinus nigra J.F. Arnold
",0
1596,131.5,37.42,30.28,1601.0,"Pinus nigra J.F. Arnold
",0
1597,131.5,37.42,30.28,1601.0,"Pinus nigra J.F. Arnold
",0
1598,118.5,37.42,30.28,1601.0,"Pinus nigra J.F. Arnold
",0
1599,116.0,37.42,30.28,1601.0,"Pinus nigra J.F. Arnold
",0
1600,108.0,37.42,30.28,1601.0,"Pinus nigra J.F. Arnold
",0
1601,123.0,37.42,30.28,1601.0,"Pinus nigra J.F. Arnold
",0
1602,129.5,37.42,30.28,1601.0,"Pinus nigra J.F. Arnold
",0
1603,109.5,37.42,30.28,1601.0,"Pinus nigra J.F. Arnold
",0
1604,117.5,37.42,30.28,1601.0,"Pinus nigra J.F. Arnold
",0
1605,127.0,37.42,30.28,1601.0,"Pinus nigra J.F. Arnold
",0
1606,123.5,37.42,30.28,1601.0,"Pinus nigra J.F. Arnold
",0
1607,93.5,37.42,30.28,1601.0,"Pinus nigra J.F. Arnold
",0
1608,84.0,37.42,30.28,1601.0,"Pinus nigra J.F. Arnold
",0
1609,94.5,37.42,30.28,1601.0,"Pinus nigra J.F. Arnold
",0
1610,89.5,37.42,30.28,1601.0,"Pinus nigra J.F. Arnold
",0
1611,78.0,37.42,30.28,1601.0,"Pinus nigra J.F. Arnold
",0
1612,77.5,37.42,30.28,1601.0,"Pinus nigra J.F. Arnold
",0
1613,67.5,37.42,30.28,1601.0,"Pinus nigra J.F. Arnold
",0
1614,80.0,37.42,30.28,1601.0,"Pinus nigra J.F. Arnold
",0
1615,90.5,37.42,30.28,1601.0,"Pinus nigra J.F. Arnold
",0
1616,92.0,37.42,30.28,1601.0,"Pinus nigra J.F. Arnold
",0
1617,87.0,37.42,30.28,1601.0,"Pinus nigra J.F. Arnold
",0
1618,106.5,37.42,30.28,1601.0,"Pinus nigra J.F. Arnold
",0
1619,84.0,37.42,30.28,1601.0,"Pinus nigra J.F. Arnold
",0
1620,98.0,37.42,30.28,1601.0,"Pinus nigra J.F. Arnold
",0
1621,95.5,37.42,30.28,1601.0,"Pinus nigra J.F. Arnold
",0
1622,100.0,37.42,30.28,1601.0,"Pinus nigra J.F. Arnold
",0
1623,79.5,37.42,30.28,1601.0,"Pinus nigra J.F. Arnold
",0
1624,64.0,37.42,30.28,1601.0,"Pinus nigra J.F. Arnold
",0
1625,68.0,37.42,30.28,1601.0,"Pinus nigra J.F. Arnold
",0
1626,84.5,37.42,30.28,1601.0,"Pinus nigra J.F. Arnold
",0
1627,95.0,37.42,30.28,1601.0,"Pinus nigra J.F. Arnold
",0
1628,101.5,37.42,30.28,1601.0,"Pinus nigra J.F. Arnold
",0
1629,107.0,37.42,30.28,1601.0,"Pinus nigra J.F. Arnold
",0
1630,85.5,37.42,30.28,1601.0,"Pinus nigra J.F. Arnold
",0
1631,98.0,37.42,30.28,1601.0,"Pinus nigra J.F. Arnold
",0
1632,99.5,37.42,30.28,1601.0,"Pinus nigra J.F. Arnold
",0
1633,88.0,37.42,30.28,1601.0,"Pinus nigra J.F. Arnold
",0
1634,85.5,37.42,30.28,1601.0,"Pinus nigra J.F. Arnold
",0
1635,81.0,37.42,30.28,1601.0,"Pinus nigra J.F. Arnold
",0
1636,106.5,37.42,30.28,1601.0,"Pinus nigra J.F. Arnold
",0
1637,116.5,37.42,30.28,1601.0,"Pinus nigra J.F. Arnold
",0
1638,114.5,37.42,30.28,1601.0,"Pinus nigra J.F. Arnold
",0
1639,113.0,37.42,30.28,1601.0,"Pinus nigra J.F. Arnold
",0
1640,113.0,37.42,30.28,1601.0,"Pinus nigra J.F. Arnold
",0
1641,120.5,37.42,30.28,1601.0,"Pinus nigra J.F. Arnold
",0
1642,124.5,37.42,30.28,1601.0,"Pinus nigra J.F. Arnold
",0
1643,202.33333333333334,37.42,30.28,1601.0,"Pinus nigra J.F. Arnold
",0
1644,147.0,37.42,30.28,1601.0,"Pinus nigra J.F. Arnold
",0
1645,160.66666666666666,37.42,30.28,1601.0,"Pinus nigra J.F. Arnold
",0
1646,165.33333333333334,37.42,30.28,1601.0,"Pinus nigra J.F. Arnold
",0
1647,157.0,37.42,30.28,1601.0,"Pinus nigra J.F. Arnold
",0
1648,182.66666666666666,37.42,30.28,1601.0,"Pinus nigra J.F. Arnold
",0
1649,172.0,37.42,30.28,1601.0,"Pinus nigra J.F. Arnold
",0
1650,119.33333333333333,37.42,30.28,1601.0,"Pinus nigra J.F. Arnold
",0
1651,123.0,37.42,30.28,1601.0,"Pinus nigra J.F. Arnold
",0
1652,151.33333333333334,37.42,30.28,1601.0,"Pinus nigra J.F. Arnold
",0
1653,143.0,37.42,30.28,1601.0,"Pinus nigra J.F. Arnold
",0
1654,151.33333333333334,37.42,30.28,1601.0,"Pinus nigra J.F. Arnold
",0
1655,170.0,37.42,30.28,1601.0,"Pinus nigra J.F. Arnold
",0
1656,172.66666666666666,37.42,30.28,1601.0,"Pinus nigra J.F. Arnold
",0
1657,156.66666666666666,37.42,30.28,1601.0,"Pinus nigra J.F. Arnold
",0
1658,136.33333333333334,37.42,30.28,1601.0,"Pinus nigra J.F. Arnold
",0
1659,127.0,37.42,30.28,1601.0,"Pinus nigra J.F. Arnold
",0
1660,123.0,37.42,30.28,1601.0,"Pinus nigra J.F. Arnold
",0
1661,127.0,37.42,30.28,1601.0,"Pinus nigra J.F. Arnold
",0
1662,140.33333333333334,37.42,30.28,1601.0,"Pinus nigra J.F. Arnold
",0
1663,140.0,37.42,30.28,1601.0,"Pinus nigra J.F. Arnold
",0
1664,114.0,37.42,30.28,1601.0,"Pinus nigra J.F. Arnold
",0
1665,164.0,37.42,30.28,1601.0,"Pinus nigra J.F. Arnold
",0
1666,130.0,37.42,30.28,1601.0,"Pinus nigra J.F. Arnold
",0
1667,144.66666666666666,37.42,30.28,1601.0,"Pinus nigra J.F. Arnold
",0
1668,129.33333333333334,37.42,30.28,1601.0,"Pinus nigra J.F. Arnold
",0
1669,148.0,37.42,30.28,1601.0,"Pinus nigra J.F. Arnold
",0
1670,130.66666666666666,37.42,30.28,1601.0,"Pinus nigra J.F. Arnold
",0
1671,155.5,37.42,30.28,1601.0,"Pinus nigra J.F. Arnold
",0
1672,97.75,37.42,30.28,1601.0,"Pinus nigra J.F. Arnold
",0
1673,113.0,37.42,30.28,1601.0,"Pinus nigra J.F. Arnold
",0
1674,119.5,37.42,30.28,1601.0,"Pinus nigra J.F. Arnold
",0
1675,123.0,37.42,30.28,1601.0,"Pinus nigra J.F. Arnold
",0
1676,106.25,37.42,30.28,1601.0,"Pinus nigra J.F. Arnold
",0
1677,133.25,37.42,30.28,1601.0,"Pinus nigra J.F. Arnold
",0
1678,157.0,37.42,30.28,1601.0,"Pinus nigra J.F. Arnold
",0
1679,140.5,37.42,30.28,1601.0,"Pinus nigra J.F. Arnold
",0
1680,111.5,37.42,30.28,1601.0,"Pinus nigra J.F. Arnold
",0
1681,133.5,37.42,30.28,1601.0,"Pinus nigra J.F. Arnold
",0
1682,150.25,37.42,30.28,1601.0,"Pinus nigra J.F. Arnold
",0
1683,103.0,37.42,30.28,1601.0,"Pinus nigra J.F. Arnold
",0
1684,102.75,37.42,30.28,1601.0,"Pinus nigra J.F. Arnold
",0
1685,80.0,37.42,30.28,1601.0,"Pinus nigra J.F. Arnold
",0
1686,96.5,37.42,30.28,1601.0,"Pinus nigra J.F. Arnold
",0
1687,80.5,37.42,30.28,1601.0,"Pinus nigra J.F. Arnold
",0
1688,81.75,37.42,30.28,1601.0,"Pinus nigra J.F. Arnold
",0
1689,76.0,37.42,30.28,1601.0,"Pinus nigra J.F. Arnold
",0
1690,96.0,37.42,30.28,1601.0,"Pinus nigra J.F. Arnold
",0
1691,93.0,37.42,30.28,1601.0,"Pinus nigra J.F. Arnold
",0
1692,116.0,37.42,30.28,1601.0,"Pinus nigra J.F. Arnold
",0
1693,77.75,37.42,30.28,1601.0,"Pinus nigra J.F. Arnold
",0
1694,70.25,37.42,30.28,1601.0,"Pinus nigra J.F. Arnold
",0
1695,70.5,37.42,30.28,1601.0,"Pinus nigra J.F. Arnold
",0
1696,54.5,37.42,30.28,1601.0,"Pinus nigra J.F. Arnold
",0
1697,61.75,37.42,30.28,1601.0,"Pinus nigra J.F. Arnold
",0
1698,68.0,37.42,30.28,1601.0,"Pinus nigra J.F. Arnold
",0
1699,85.5,37.42,30.28,1601.0,"Pinus nigra J.F. Arnold
",0
1700,72.75,37.42,30.28,1601.0,"Pinus nigra J.F. Arnold
",0
1701,65.75,37.42,30.28,1601.0,"Pinus nigra J.F. Arnold
",0
1702,54.75,37.42,30.28,1601.0,"Pinus nigra J.F. Arnold
",0
1703,50.0,37.42,30.28,1601.0,"Pinus nigra J.F. Arnold
",0
1704,69.0,37.42,30.28,1601.0,"Pinus nigra J.F. Arnold
",0
1705,65.75,37.42,30.28,1601.0,"Pinus nigra J.F. Arnold
",0
1706,64.5,37.42,30.28,1601.0,"Pinus nigra J.F. Arnold
",0
1707,71.5,37.42,30.28,1601.0,"Pinus nigra J.F. Arnold
",0
1708,53.5,37.42,30.28,1601.0,"Pinus nigra J.F. Arnold
",0
1709,90.0,37.42,30.28,1601.0,"Pinus nigra J.F. Arnold
",0
1710,62.5,37.42,30.28,1601.0,"Pinus nigra J.F. Arnold
",0
1711,55.0,37.42,30.28,1601.0,"Pinus nigra J.F. Arnold
",0
1712,79.25,37.42,30.28,1601.0,"Pinus nigra J.F. Arnold
",0
1713,81.75,37.42,30.28,1601.0,"Pinus nigra J.F. Arnold
",0
1714,80.0,37.42,30.28,1601.0,"Pinus nigra J.F. Arnold
",0
1715,61.75,37.42,30.28,1601.0,"Pinus nigra J.F. Arnold
",0
1716,60.0,37.42,30.28,1601.0,"Pinus nigra J.F. Arnold
",0
1717,79.5,37.42,30.28,1601.0,"Pinus nigra J.F. Arnold
",0
1718,74.5,37.42,30.28,1601.0,"Pinus nigra J.F. Arnold
",0
1719,86.5,37.42,30.28,1601.0,"Pinus nigra J.F. Arnold
",0
1720,87.25,37.42,30.28,1601.0,"Pinus nigra J.F. Arnold
",0
1721,90.5,37.42,30.28,1601.0,"Pinus nigra J.F. Arnold
",0
1722,78.75,37.42,30.28,1601.0,"Pinus nigra J.F. Arnold
",0
1723,60.75,37.42,30.28,1601.0,"Pinus nigra J.F. Arnold
",0
1724,70.75,37.42,30.28,1601.0,"Pinus nigra J.F. Arnold
",0
1725,57.0,37.42,30.28,1601.0,"Pinus nigra J.F. Arnold
",0
1726,51.25,37.42,30.28,1601.0,"Pinus nigra J.F. Arnold
",0
1727,81.0,37.42,30.28,1601.0,"Pinus nigra J.F. Arnold
",0
1728,93.25,37.42,30.28,1601.0,"Pinus nigra J.F. Arnold
",0
1729,76.25,37.42,30.28,1601.0,"Pinus nigra J.F. Arnold
",0
1730,81.25,37.42,30.28,1601.0,"Pinus nigra J.F. Arnold
",0
1731,77.75,37.42,30.28,1601.0,"Pinus nigra J.F. Arnold
",0
1732,77.75,37.42,30.28,1601.0,"Pinus nigra J.F. Arnold
",0
1733,76.0,37.42,30.28,1601.0,"Pinus nigra J.F. Arnold
",0
1734,67.0,37.42,30.28,1601.0,"Pinus nigra J.F. Arnold
",0
1735,61.75,37.42,30.28,1601.0,"Pinus nigra J.F. Arnold
",0
1736,69.75,37.42,30.28,1601.0,"Pinus nigra J.F. Arnold
",0
1737,72.0,37.42,30.28,1601.0,"Pinus nigra J.F. Arnold
",0
1738,80.0,37.42,30.28,1601.0,"Pinus nigra J.F. Arnold
",0
1739,104.8,37.42,30.28,1601.0,"Pinus nigra J.F. Arnold
",0
1740,103.2,37.42,30.28,1601.0,"Pinus nigra J.F. Arnold
",0
1741,79.2,37.42,30.28,1601.0,"Pinus nigra J.F. Arnold
",0
1742,67.2,37.42,30.28,1601.0,"Pinus nigra J.F. Arnold
",0
1743,84.6,37.42,30.28,1601.0,"Pinus nigra J.F. Arnold
",0
1744,98.6,37.42,30.28,1601.0,"Pinus nigra J.F. Arnold
",0
1745,85.0,37.42,30.28,1601.0,"Pinus nigra J.F. Arnold
",0
1746,87.0,37.42,30.28,1601.0,"Pinus nigra J.F. Arnold
",0
1747,68.6,37.42,30.28,1601.0,"Pinus nigra J.F. Arnold
",0
1748,66.6,37.42,30.28,1601.0,"Pinus nigra J.F. Arnold
",0
1749,60.2,37.42,30.28,1601.0,"Pinus nigra J.F. Arnold
",0
1750,64.0,37.42,30.28,1601.0,"Pinus nigra J.F. Arnold
",0
1751,65.8,37.42,30.28,1601.0,"Pinus nigra J.F. Arnold
",0
1752,66.4,37.42,30.28,1601.0,"Pinus nigra J.F. Arnold
",0
1753,68.6,37.42,30.28,1601.0,"Pinus nigra J.F. Arnold
",0
1754,70.0,37.42,30.28,1601.0,"Pinus nigra J.F. Arnold
",0
1755,91.6,37.42,30.28,1601.0,"Pinus nigra J.F. Arnold
",0
1756,83.8,37.42,30.28,1601.0,"Pinus nigra J.F. Arnold
",0
1757,83.6,37.42,30.28,1601.0,"Pinus nigra J.F. Arnold
",0
1758,83.2,37.42,30.28,1601.0,"Pinus nigra J.F. Arnold
",0
1759,72.2,37.42,30.28,1601.0,"Pinus nigra J.F. Arnold
",0
1760,80.6,37.42,30.28,1601.0,"Pinus nigra J.F. Arnold
",0
1761,71.6,37.42,30.28,1601.0,"Pinus nigra J.F. Arnold
",0
1762,78.6,37.42,30.28,1601.0,"Pinus nigra J.F. Arnold
",0
1763,86.4,37.42,30.28,1601.0,"Pinus nigra J.F. Arnold
",0
1764,61.4,37.42,30.28,1601.0,"Pinus nigra J.F. Arnold
",0
1765,69.6,37.42,30.28,1601.0,"Pinus nigra J.F. Arnold
",0
1766,63.4,37.42,30.28,1601.0,"Pinus nigra J.F. Arnold
",0
1767,86.0,37.42,30.28,1601.0,"Pinus nigra J.F. Arnold
",0
1768,101.8,37.42,30.28,1601.0,"Pinus nigra J.F. Arnold
",0
1769,208.83333333333334,37.42,30.28,1601.0,"Pinus nigra J.F. Arnold
",0
1770,162.5,37.42,30.28,1601.0,"Pinus nigra J.F. Arnold
",0
1771,179.5,37.42,30.28,1601.0,"Pinus nigra J.F. Arnold
",0
1772,148.28571428571428,37.42,30.28,1601.0,"Pinus nigra J.F. Arnold
",0
1773,162.85714285714286,37.42,30.28,1601.0,"Pinus nigra J.F. Arnold
",0
1774,172.42857142857142,37.42,30.28,1601.0,"Pinus nigra J.F. Arnold
",0
1775,177.0,37.42,30.28,1601.0,"Pinus nigra J.F. Arnold
",0
1776,180.75,37.42,30.28,1601.0,"Pinus nigra J.F. Arnold
",0
1777,182.0,37.42,30.28,1601.0,"Pinus nigra J.F. Arnold
",0
1778,220.11111111111111,37.42,30.28,1601.0,"Pinus nigra J.F. Arnold
",0
1779,166.55555555555554,37.42,30.28,1601.0,"Pinus nigra J.F. Arnold
",0
1780,259.1111111111111,37.42,30.28,1601.0,"Pinus nigra J.F. Arnold
",0
1781,229.0,37.42,30.28,1601.0,"Pinus nigra J.F. Arnold
",0
1782,220.2,37.42,30.28,1601.0,"Pinus nigra J.F. Arnold
",0
1783,248.1,37.42,30.28,1601.0,"Pinus nigra J.F. Arnold
",0
1784,249.3,37.42,30.28,1601.0,"Pinus nigra J.F. Arnold
",0
1785,223.1,37.42,30.28,1601.0,"Pinus nigra J.F. Arnold
",0
1786,180.5,37.42,30.28,1601.0,"Pinus nigra J.F. Arnold
",0
1787,206.0,37.42,30.28,1601.0,"Pinus nigra J.F. Arnold
",0
1788,257.6363636363636,37.42,30.28,1601.0,"Pinus nigra J.F. Arnold
",0
1789,226.9090909090909,37.42,30.28,1601.0,"Pinus nigra J.F. Arnold
",0
1790,187.9090909090909,37.42,30.28,1601.0,"Pinus nigra J.F. Arnold
",0
1791,241.16666666666666,37.42,30.28,1601.0,"Pinus nigra J.F. Arnold
",0
1792,243.75,37.42,30.28,1601.0,"Pinus nigra J.F. Arnold
",0
1793,197.25,37.42,30.28,1601.0,"Pinus nigra J.F. Arnold
",0
1794,217.66666666666666,37.42,30.28,1601.0,"Pinus nigra J.F. Arnold
",0
1795,261.0,37.42,30.28,1601.0,"Pinus nigra J.F. Arnold
",0
1796,185.07692307692307,37.42,30.28,1601.0,"Pinus nigra J.F. Arnold
",0
1797,179.30769230769232,37.42,30.28,1601.0,"Pinus nigra J.F. Arnold
",0
1798,181.6153846153846,37.42,30.28,1601.0,"Pinus nigra J.F. Arnold
",0
1799,217.85714285714286,37.42,30.28,1601.0,"Pinus nigra J.F. Arnold
",0
1800,237.5,37.42,30.28,1601.0,"Pinus nigra J.F. Arnold
",0
1801,278.0,37.42,30.28,1601.0,"Pinus nigra J.F. Arnold
",0
1802,256.46666666666664,37.42,30.28,1601.0,"Pinus nigra J.F. Arnold
",0
1803,260.93333333333334,37.42,30.28,1601.0,"Pinus nigra J.F. Arnold
",0
1804,269.3333333333333,37.42,30.28,1601.0,"Pinus nigra J.F. Arnold
",0
1805,213.4375,37.42,30.28,1601.0,"Pinus nigra J.F. Arnold
",0
1806,236.125,37.42,30.28,1601.0,"Pinus nigra J.F. Arnold
",0
1807,252.8125,37.42,30.28,1601.0,"Pinus nigra J.F. Arnold
",0
1808,205.25,37.42,30.28,1601.0,"Pinus nigra J.F. Arnold
",0
1809,220.625,37.42,30.28,1601.0,"Pinus nigra J.F. Arnold
",0
1810,228.25,37.42,30.28,1601.0,"Pinus nigra J.F. Arnold
",0
1811,236.9375,37.42,30.28,1601.0,"Pinus nigra J.F. Arnold
",0
1812,231.3125,37.42,30.28,1601.0,"Pinus nigra J.F. Arnold
",0
1813,217.88235294117646,37.42,30.28,1601.0,"Pinus nigra J.F. Arnold
",0
1814,202.58823529411765,37.42,30.28,1601.0,"Pinus nigra J.F. Arnold
",0
1815,241.55555555555554,37.42,30.28,1601.0,"Pinus nigra J.F. Arnold
",0
1816,288.3157894736842,37.42,30.28,1601.0,"Pinus nigra J.F. Arnold
",0
1817,254.0,37.42,30.28,1601.0,"Pinus nigra J.F. Arnold
",0
1818,257.85714285714283,37.42,30.28,1601.0,"Pinus nigra J.F. Arnold
",0
1819,207.0,37.42,30.28,1601.0,"Pinus nigra J.F. Arnold
",0
1820,200.22727272727272,37.42,30.28,1601.0,"Pinus nigra J.F. Arnold
",0
1821,227.95454545454547,37.42,30.28,1601.0,"Pinus nigra J.F. Arnold
",0
1822,216.13636363636363,37.42,30.28,1601.0,"Pinus nigra J.F. Arnold
",0
1823,196.22727272727272,37.42,30.28,1601.0,"Pinus nigra J.F. Arnold
",0
1824,183.0,37.42,30.28,1601.0,"Pinus nigra J.F. Arnold
",0
1825,170.2173913043478,37.42,30.28,1601.0,"Pinus nigra J.F. Arnold
",0
1826,186.52173913043478,37.42,30.28,1601.0,"Pinus nigra J.F. Arnold
",0
1827,190.3913043478261,37.42,30.28,1601.0,"Pinus nigra J.F. Arnold
",0
1828,193.1304347826087,37.42,30.28,1601.0,"Pinus nigra J.F. Arnold
",0
1829,211.34782608695653,37.42,30.28,1601.0,"Pinus nigra J.F. Arnold
",0
1830,145.47826086956522,37.42,30.28,1601.0,"Pinus nigra J.F. Arnold
",0
1831,158.43478260869566,37.42,30.28,1601.0,"Pinus nigra J.F. Arnold
",0
1832,169.91666666666666,37.42,30.28,1601.0,"Pinus nigra J.F. Arnold
",0
1833,166.75,37.42,30.28,1601.0,"Pinus nigra J.F. Arnold
",0
1834,172.91666666666666,37.42,30.28,1601.0,"Pinus nigra J.F. Arnold
",0
1835,222.0,37.42,30.28,1601.0,"Pinus nigra J.F. Arnold
",0
1836,244.0,37.42,30.28,1601.0,"Pinus nigra J.F. Arnold
",0
1837,212.52,37.42,30.28,1601.0,"Pinus nigra J.F. Arnold
",0
1838,196.68,37.42,30.28,1601.0,"Pinus nigra J.F. Arnold
",0
1839,180.92,37.42,30.28,1601.0,"Pinus nigra J.F. Arnold
",0
1840,130.73076923076923,37.42,30.28,1601.0,"Pinus nigra J.F. Arnold
",0
1841,174.80769230769232,37.42,30.28,1601.0,"Pinus nigra J.F. Arnold
",0
1842,163.26923076923077,37.42,30.28,1601.0,"Pinus nigra J.F. Arnold
",0
1843,169.69230769230768,37.42,30.28,1601.0,"Pinus nigra J.F. Arnold
",0
1844,176.96153846153845,37.42,30.28,1601.0,"Pinus nigra J.F. Arnold
",0
1845,196.11111111111111,37.42,30.28,1601.0,"Pinus nigra J.F. Arnold
",0
1846,226.1851851851852,37.42,30.28,1601.0,"Pinus nigra J.F. Arnold
",0
1847,186.14814814814815,37.42,30.28,1601.0,"Pinus nigra J.F. Arnold
",0
1848,172.25925925925927,37.42,30.28,1601.0,"Pinus nigra J.F. Arnold
",0
1849,159.74074074074073,37.42,30.28,1601.0,"Pinus nigra J.F. Arnold
",0
1850,163.03703703703704,37.42,30.28,1601.0,"Pinus nigra J.F. Arnold
",0
1851,179.21428571428572,37.42,30.28,1601.0,"Pinus nigra J.F. Arnold
",0
1852,145.46428571428572,37.42,30.28,1601.0,"Pinus nigra J.F. Arnold
",0
1853,169.17241379310346,37.42,30.28,1601.0,"Pinus nigra J.F. Arnold
",0
1854,140.51724137931035,37.42,30.28,1601.0,"Pinus nigra J.F. Arnold
",0
1855,189.58620689655172,37.42,30.28,1601.0,"Pinus nigra J.F. Arnold
",0
1856,190.55172413793105,37.42,30.28,1601.0,"Pinus nigra J.F. Arnold
",0
1857,175.51724137931035,37.42,30.28,1601.0,"Pinus nigra J.F. Arnold
",0
1858,184.16666666666666,37.42,30.28,1601.0,"Pinus nigra J.F. Arnold
",0
1859,223.56666666666666,37.42,30.28,1601.0,"Pinus nigra J.F. Arnold
",0
1860,216.33333333333334,37.42,30.28,1601.0,"Pinus nigra J.F. Arnold
",0
1861,195.53333333333333,37.42,30.28,1601.0,"Pinus nigra J.F. Arnold
",0
1862,166.9,37.42,30.28,1601.0,"Pinus nigra J.F. Arnold
",0
1863,149.1,37.42,30.28,1601.0,"Pinus nigra J.F. Arnold
",0
1864,155.7,37.42,30.28,1601.0,"Pinus nigra J.F. Arnold
",0
1865,162.5,37.42,30.28,1601.0,"Pinus nigra J.F. Arnold
",0
1866,189.73333333333332,37.42,30.28,1601.0,"Pinus nigra J.F. Arnold
",0
1867,171.51612903225808,37.42,30.28,1601.0,"Pinus nigra J.F. Arnold
",0
1868,117.6774193548387,37.42,30.28,1601.0,"Pinus nigra J.F. Arnold
",0
1869,121.80645161290323,37.42,30.28,1601.0,"Pinus nigra J.F. Arnold
",0
1870,121.90322580645162,37.42,30.28,1601.0,"Pinus nigra J.F. Arnold
",0
1871,116.70967741935483,37.42,30.28,1601.0,"Pinus nigra J.F. Arnold
",0
1872,132.93548387096774,37.42,30.28,1601.0,"Pinus nigra J.F. Arnold
",0
1873,133.96774193548387,37.42,30.28,1601.0,"Pinus nigra J.F. Arnold
",0
1874,106.29032258064517,37.42,30.28,1601.0,"Pinus nigra J.F. Arnold
",0
1875,112.96875,37.42,30.28,1601.0,"Pinus nigra J.F. Arnold
",0
1876,158.28125,37.42,30.28,1601.0,"Pinus nigra J.F. Arnold
",0
1877,153.59375,37.42,30.28,1601.0,"Pinus nigra J.F. Arnold
",0
1878,119.28125,37.42,30.28,1601.0,"Pinus nigra J.F. Arnold
",0
1879,103.78125,37.42,30.28,1601.0,"Pinus nigra J.F. Arnold
",0
1880,122.93939393939394,37.42,30.28,1601.0,"Pinus nigra J.F. Arnold
",0
1881,140.9090909090909,37.42,30.28,1601.0,"Pinus nigra J.F. Arnold
",0
1882,129.12121212121212,37.42,30.28,1601.0,"Pinus nigra J.F. Arnold
",0
1883,127.66666666666667,37.42,30.28,1601.0,"Pinus nigra J.F. Arnold
",0
1884,132.3939393939394,37.42,30.28,1601.0,"Pinus nigra J.F. Arnold
",0
1885,160.0,37.42,30.28,1601.0,"Pinus nigra J.F. Arnold
",0
1886,142.96969696969697,37.42,30.28,1601.0,"Pinus nigra J.F. Arnold
",0
1887,98.0909090909091,37.42,30.28,1601.0,"Pinus nigra J.F. Arnold
",0
1888,115.81818181818181,37.42,30.28,1601.0,"Pinus nigra J.F. Arnold
",0
1889,159.42424242424244,37.42,30.28,1601.0,"Pinus nigra J.F. Arnold
",0
1890,120.36363636363636,37.42,30.28,1601.0,"Pinus nigra J.F. Arnold
",0
1891,124.75757575757575,37.42,30.28,1601.0,"Pinus nigra J.F. Arnold
",0
1892,143.72727272727272,37.42,30.28,1601.0,"Pinus nigra J.F. Arnold
",0
1893,89.66666666666667,37.42,30.28,1601.0,"Pinus nigra J.F. Arnold
",0
1894,84.93939393939394,37.42,30.28,1601.0,"Pinus nigra J.F. Arnold
",0
1895,98.0909090909091,37.42,30.28,1601.0,"Pinus nigra J.F. Arnold
",0
1896,105.51515151515152,37.42,30.28,1601.0,"Pinus nigra J.F. Arnold
",0
1897,107.42424242424242,37.42,30.28,1601.0,"Pinus nigra J.F. Arnold
",0
1898,92.03030303030303,37.42,30.28,1601.0,"Pinus nigra J.F. Arnold
",0
1899,83.9090909090909,37.42,30.28,1601.0,"Pinus nigra J.F. Arnold
",0
1900,109.33333333333333,37.42,30.28,1601.0,"Pinus nigra J.F. Arnold
",0
1901,137.3030303030303,37.42,30.28,1601.0,"Pinus nigra J.F. Arnold
",0
1902,136.12121212121212,37.42,30.28,1601.0,"Pinus nigra J.F. Arnold
",0
1903,117.27272727272727,37.42,30.28,1601.0,"Pinus nigra J.F. Arnold
",0
1904,120.9090909090909,37.42,30.28,1601.0,"Pinus nigra J.F. Arnold
",0
1905,121.06060606060606,37.42,30.28,1601.0,"Pinus nigra J.F. Arnold
",0
1906,115.81818181818181,37.42,30.28,1601.0,"Pinus nigra J.F. Arnold
",0
1907,116.18181818181819,37.42,30.28,1601.0,"Pinus nigra J.F. Arnold
",0
1908,117.88235294117646,37.42,30.28,1601.0,"Pinus nigra J.F. Arnold
",0
1909,102.70588235294117,37.42,30.28,1601.0,"Pinus nigra J.F. Arnold
",0
1910,110.0,37.42,30.28,1601.0,"Pinus nigra J.F. Arnold
",0
1911,99.44117647058823,37.42,30.28,1601.0,"Pinus nigra J.F. Arnold
",0
1912,119.79411764705883,37.42,30.28,1601.0,"Pinus nigra J.F. Arnold
",0
1913,122.88235294117646,37.42,30.28,1601.0,"Pinus nigra J.F. Arnold
",0
1914,142.5,37.42,30.28,1601.0,"Pinus nigra J.F. Arnold
",0
1915,139.76470588235293,37.42,30.28,1601.0,"Pinus nigra J.F. Arnold
",0
1916,111.88571428571429,37.42,30.28,1601.0,"Pinus nigra J.F. Arnold
",0
1917,136.82857142857142,37.42,30.28,1601.0,"Pinus nigra J.F. Arnold
",0
1918,120.6,37.42,30.28,1601.0,"Pinus nigra J.F. Arnold
",0
1919,134.4857142857143,37.42,30.28,1601.0,"Pinus nigra J.F. Arnold
",0
1920,138.57142857142858,37.42,30.28,1601.0,"Pinus nigra J.F. Arnold
",0
1921,137.77142857142857,37.42,30.28,1601.0,"Pinus nigra J.F. Arnold
",0
1922,137.94285714285715,37.42,30.28,1601.0,"Pinus nigra J.F. Arnold
",0
1923,106.4,37.42,30.28,1601.0,"Pinus nigra J.F. Arnold
",0
1924,107.88571428571429,37.42,30.28,1601.0,"Pinus nigra J.F. Arnold
",0
1925,110.68571428571428,37.42,30.28,1601.0,"Pinus nigra J.F. Arnold
",0
1926,96.08571428571429,37.42,30.28,1601.0,"Pinus nigra J.F. Arnold
",0
1927,89.54285714285714,37.42,30.28,1601.0,"Pinus nigra J.F. Arnold
",0
1928,74.77142857142857,37.42,30.28,1601.0,"Pinus nigra J.F. Arnold
",0
1929,71.77142857142857,37.42,30.28,1601.0,"Pinus nigra J.F. Arnold
",0
1930,117.85714285714286,37.42,30.28,1601.0,"Pinus nigra J.F. Arnold
",0
1931,103.82857142857142,37.42,30.28,1601.0,"Pinus nigra J.F. Arnold
",0
1932,91.37142857142857,37.42,30.28,1601.0,"Pinus nigra J.F. Arnold
",0
1933,80.54285714285714,37.42,30.28,1601.0,"Pinus nigra J.F. Arnold
",0
1934,105.31428571428572,37.42,30.28,1601.0,"Pinus nigra J.F. Arnold
",0
1935,100.97142857142858,37.42,30.28,1601.0,"Pinus nigra J.F. Arnold
",0
1936,107.82857142857142,37.42,30.28,1601.0,"Pinus nigra J.F. Arnold
",0
1937,119.45714285714286,37.42,30.28,1601.0,"Pinus nigra J.F. Arnold
",0
1938,96.11428571428571,37.42,30.28,1601.0,"Pinus nigra J.F. Arnold
",0
1939,111.57142857142857,37.42,30.28,1601.0,"Pinus nigra J.F. Arnold
",0
1940,133.28571428571428,37.42,30.28,1601.0,"Pinus nigra J.F. Arnold
",0
1941,109.82857142857142,37.42,30.28,1601.0,"Pinus nigra J.F. Arnold
",0
1942,89.57142857142857,37.42,30.28,1601.0,"Pinus nigra J.F. Arnold
",0
1943,87.45714285714286,37.42,30.28,1601.0,"Pinus nigra J.F. Arnold
",0
1944,99.14285714285714,37.42,30.28,1601.0,"Pinus nigra J.F. Arnold
",0
1945,87.8,37.42,30.28,1601.0,"Pinus nigra J.F. Arnold
",0
1946,74.22857142857143,37.42,30.28,1601.0,"Pinus nigra J.F. Arnold
",0
1947,94.34285714285714,37.42,30.28,1601.0,"Pinus nigra J.F. Arnold
",0
1948,80.45714285714286,37.42,30.28,1601.0,"Pinus nigra J.F. Arnold
",0
1949,72.8,37.42,30.28,1601.0,"Pinus nigra J.F. Arnold
",0
1950,109.94285714285714,37.42,30.28,1601.0,"Pinus nigra J.F. Arnold
",0
1951,124.77142857142857,37.42,30.28,1601.0,"Pinus nigra J.F. Arnold
",0
1952,96.48571428571428,37.42,30.28,1601.0,"Pinus nigra J.F. Arnold
",0
1953,79.42857142857143,37.42,30.28,1601.0,"Pinus nigra J.F. Arnold
",0
1954,85.37142857142857,37.42,30.28,1601.0,"Pinus nigra J.F. Arnold
",0
1955,98.34285714285714,37.42,30.28,1601.0,"Pinus nigra J.F. Arnold
",0
1956,75.11428571428571,37.42,30.28,1601.0,"Pinus nigra J.F. Arnold
",0
1957,78.94285714285714,37.42,30.28,1601.0,"Pinus nigra J.F. Arnold
",0
1958,90.11428571428571,37.42,30.28,1601.0,"Pinus nigra J.F. Arnold
",0
1959,94.71428571428571,37.42,30.28,1601.0,"Pinus nigra J.F. Arnold
",0
1960,106.48571428571428,37.42,30.28,1601.0,"Pinus nigra J.F. Arnold
",0
1961,86.68571428571428,37.42,30.28,1601.0,"Pinus nigra J.F. Arnold
",0
1962,89.62857142857143,37.42,30.28,1601.0,"Pinus nigra J.F. Arnold
",0
1963,98.14285714285714,37.42,30.28,1601.0,"Pinus nigra J.F. Arnold
",0
1964,92.17142857142858,37.42,30.28,1601.0,"Pinus nigra J.F. Arnold
",0
1965,93.57142857142857,37.42,30.28,1601.0,"Pinus nigra J.F. Arnold
",0
1966,93.91428571428571,37.42,30.28,1601.0,"Pinus nigra J.F. Arnold
",0
1967,94.97142857142858,37.42,30.28,1601.0,"Pinus nigra J.F. Arnold
",0
1968,101.6,37.42,30.28,1601.0,"Pinus nigra J.F. Arnold
",0
1969,92.1470588235294,37.42,30.28,1601.0,"Pinus nigra J.F. Arnold
",0
1970,83.02941176470588,37.42,30.28,1601.0,"Pinus nigra J.F. Arnold
",0
1971,83.11764705882354,37.42,30.28,1601.0,"Pinus nigra J.F. Arnold
",0
1972,109.58823529411765,37.42,30.28,1601.0,"Pinus nigra J.F. Arnold
",0
1973,104.26470588235294,37.42,30.28,1601.0,"Pinus nigra J.F. Arnold
",0
1974,80.20588235294117,37.42,30.28,1601.0,"Pinus nigra J.F. Arnold
",0
1975,94.38235294117646,37.42,30.28,1601.0,"Pinus nigra J.F. Arnold
",0
1976,91.5,37.42,30.28,1601.0,"Pinus nigra J.F. Arnold
",0
1977,86.29411764705883,37.42,30.28,1601.0,"Pinus nigra J.F. Arnold
",0
1978,76.55882352941177,37.42,30.28,1601.0,"Pinus nigra J.F. Arnold
",0
1979,93.47058823529412,37.42,30.28,1601.0,"Pinus nigra J.F. Arnold
",0
1980,89.0,37.42,30.28,1601.0,"Pinus nigra J.F. Arnold
",0
1981,87.02941176470588,37.42,30.28,1601.0,"Pinus nigra J.F. Arnold
",0
1982,90.55882352941177,37.42,30.28,1601.0,"Pinus nigra J.F. Arnold
",0
1983,94.5,37.42,30.28,1601.0,"Pinus nigra J.F. Arnold
",0
1984,95.38235294117646,37.42,30.28,1601.0,"Pinus nigra J.F. Arnold
",0
1985,84.55882352941177,37.42,30.28,1601.0,"Pinus nigra J.F. Arnold
",0
1986,81.52941176470588,37.42,30.28,1601.0,"Pinus nigra J.F. Arnold
",0
1987,68.58823529411765,37.42,30.28,1601.0,"Pinus nigra J.F. Arnold
",0
1988,72.91176470588235,37.42,30.28,1601.0,"Pinus nigra J.F. Arnold
",0
1989,67.79411764705883,37.42,30.28,1601.0,"Pinus nigra J.F. Arnold
",0
1990,57.3235294117647,37.42,30.28,1601.0,"Pinus nigra J.F. Arnold
",0
1991,65.87878787878788,37.42,30.28,1601.0,"Pinus nigra J.F. Arnold
",0
1992,77.60606060606061,37.42,30.28,1601.0,"Pinus nigra J.F. Arnold
",0
1993,80.3030303030303,37.42,30.28,1601.0,"Pinus nigra J.F. Arnold
",0
1994,80.18181818181819,37.42,30.28,1601.0,"Pinus nigra J.F. Arnold
",0
1995,60.0,37.42,30.28,1601.0,"Pinus nigra J.F. Arnold
",0
1996,61.24242424242424,37.42,30.28,1601.0,"Pinus nigra J.F. Arnold
",0
1997,77.0,37.42,30.28,1601.0,"Pinus nigra J.F. Arnold
",0
1998,87.27272727272727,37.42,30.28,1601.0,"Pinus nigra J.F. Arnold
",0
1999,67.0,37.42,30.28,1601.0,"Pinus nigra J.F. Arnold
",0
2000,55.0,37.42,30.28,1601.0,"Pinus nigra J.F. Arnold
",0
2001,724.0,37.42,30.28,1601.0,"Pinus nigra J.F. Arnold
",0
1890,7592.0,55.43,26.03,140.0,"Pinus sylvestris L.
",0
1891,5848.5,55.43,26.03,140.0,"Pinus sylvestris L.
",0
1892,6420.5,55.43,26.03,140.0,"Pinus sylvestris L.
",0
1893,6536.0,55.43,26.03,140.0,"Pinus sylvestris L.
",0
1894,6627.333333333333,55.43,26.03,140.0,"Pinus sylvestris L.
",0
1895,4495.833333333333,55.43,26.03,140.0,"Pinus sylvestris L.
",0
1896,5191.0,55.43,26.03,140.0,"Pinus sylvestris L.
",0
1897,5381.9,55.43,26.03,140.0,"Pinus sylvestris L.
",0
1898,4962.538461538462,55.43,26.03,140.0,"Pinus sylvestris L.
",0
1899,4263.866666666667,55.43,26.03,140.0,"Pinus sylvestris L.
",0
1900,3971.8333333333335,55.43,26.03,140.0,"Pinus sylvestris L.
",0
1901,4465.55,55.43,26.03,140.0,"Pinus sylvestris L.
",0
1902,3734.4285714285716,55.43,26.03,140.0,"Pinus sylvestris L.
",0
1903,4370.454545454545,55.43,26.03,140.0,"Pinus sylvestris L.
",0
1904,3700.703703703704,55.43,26.03,140.0,"Pinus sylvestris L.
",0
1905,3850.9285714285716,55.43,26.03,140.0,"Pinus sylvestris L.
",0
1906,3946.9032258064517,55.43,26.03,140.0,"Pinus sylvestris L.
",0
1907,3199.9166666666665,55.43,26.03,140.0,"Pinus sylvestris L.
",0
1908,3321.230769230769,55.43,26.03,140.0,"Pinus sylvestris L.
",0
1909,3229.3,55.43,26.03,140.0,"Pinus sylvestris L.
",0
1910,2914.7804878048782,55.43,26.03,140.0,"Pinus sylvestris L.
",0
1911,2630.6,55.43,26.03,140.0,"Pinus sylvestris L.
",0
1912,2720.255319148936,55.43,26.03,140.0,"Pinus sylvestris L.
",0
1913,2856.82,55.43,26.03,140.0,"Pinus sylvestris L.
",0
1914,2202.3518518518517,55.43,26.03,140.0,"Pinus sylvestris L.
",0
1915,2257.3518518518517,55.43,26.03,140.0,"Pinus sylvestris L.
",0
1916,2445.5535714285716,55.43,26.03,140.0,"Pinus sylvestris L.
",0
1917,2148.237288135593,55.43,26.03,140.0,"Pinus sylvestris L.
",0
1918,2266.4,55.43,26.03,140.0,"Pinus sylvestris L.
",0
1919,2077.116666666667,55.43,26.03,140.0,"Pinus sylvestris L.
",0
1920,1880.15,55.43,26.03,140.0,"Pinus sylvestris L.
",0
1921,2142.3,55.43,26.03,140.0,"Pinus sylvestris L.
",0
1922,2143.377049180328,55.43,26.03,140.0,"Pinus sylvestris L.
",0
1923,1946.1129032258063,55.43,26.03,140.0,"Pinus sylvestris L.
",0
1924,1984.3731343283582,55.43,26.03,140.0,"Pinus sylvestris L.
",0
1925,2181.4057971014495,55.43,26.03,140.0,"Pinus sylvestris L.
",0
1926,1529.231884057971,55.43,26.03,140.0,"Pinus sylvestris L.
",0
1927,1753.557142857143,55.43,26.03,140.0,"Pinus sylvestris L.
",0
1928,1934.8194444444443,55.43,26.03,140.0,"Pinus sylvestris L.
",0
1929,2556.6575342465753,55.43,26.03,140.0,"Pinus sylvestris L.
",0
1930,3152.1866666666665,55.43,26.03,140.0,"Pinus sylvestris L.
",0
1931,2776.4473684210525,55.43,26.03,140.0,"Pinus sylvestris L.
",0
1932,3087.846153846154,55.43,26.03,140.0,"Pinus sylvestris L.
",0
1933,3309.7901234567903,55.43,26.03,140.0,"Pinus sylvestris L.
",0
1934,3160.901234567901,55.43,26.03,140.0,"Pinus sylvestris L.
",0
1935,2840.6987951807228,55.43,26.03,140.0,"Pinus sylvestris L.
",0
1936,2987.289156626506,55.43,26.03,140.0,"Pinus sylvestris L.
",0
1937,2716.1666666666665,55.43,26.03,140.0,"Pinus sylvestris L.
",0
1938,2696.8690476190477,55.43,26.03,140.0,"Pinus sylvestris L.
",0
1939,2655.1309523809523,55.43,26.03,140.0,"Pinus sylvestris L.
",0
1940,1312.0823529411764,55.43,26.03,140.0,"Pinus sylvestris L.
",0
1941,1562.3529411764705,55.43,26.03,140.0,"Pinus sylvestris L.
",0
1942,1754.2941176470588,55.43,26.03,140.0,"Pinus sylvestris L.
",0
1943,2287.8372093023254,55.43,26.03,140.0,"Pinus sylvestris L.
",0
1944,2238.2906976744184,55.43,26.03,140.0,"Pinus sylvestris L.
",0
1945,2581.767441860465,55.43,26.03,140.0,"Pinus sylvestris L.
",0
1946,2478.5,55.43,26.03,140.0,"Pinus sylvestris L.
",0
1947,1814.1046511627908,55.43,26.03,140.0,"Pinus sylvestris L.
",0
1948,2208.732558139535,55.43,26.03,140.0,"Pinus sylvestris L.
",0
1949,2401.732558139535,55.43,26.03,140.0,"Pinus sylvestris L.
",0
1950,2343.4883720930234,55.43,26.03,140.0,"Pinus sylvestris L.
",0
1951,2142.5116279069766,55.43,26.03,140.0,"Pinus sylvestris L.
",0
1952,1803.6046511627908,55.43,26.03,140.0,"Pinus sylvestris L.
",0
1953,1876.9883720930231,55.43,26.03,140.0,"Pinus sylvestris L.
",0
1954,1725.0697674418604,55.43,26.03,140.0,"Pinus sylvestris L.
",0
1955,1699.2209302325582,55.43,26.03,140.0,"Pinus sylvestris L.
",0
1956,1624.4367816091954,55.43,26.03,140.0,"Pinus sylvestris L.
",0
1957,2108.2528735632186,55.43,26.03,140.0,"Pinus sylvestris L.
",0
1958,2078.816091954023,55.43,26.03,140.0,"Pinus sylvestris L.
",0
1959,1888.2988505747126,55.43,26.03,140.0,"Pinus sylvestris L.
",0
1960,1961.344827586207,55.43,26.03,140.0,"Pinus sylvestris L.
",0
1961,2026.16091954023,55.43,26.03,140.0,"Pinus sylvestris L.
",0
1962,1702.8850574712644,55.43,26.03,140.0,"Pinus sylvestris L.
",0
1963,1623.5172413793102,55.43,26.03,140.0,"Pinus sylvestris L.
",0
1964,1501.0689655172414,55.43,26.03,140.0,"Pinus sylvestris L.
",0
1965,1637.4252873563219,55.43,26.03,140.0,"Pinus sylvestris L.
",0
1966,1853.632183908046,55.43,26.03,140.0,"Pinus sylvestris L.
",0
1967,1765.5172413793102,55.43,26.03,140.0,"Pinus sylvestris L.
",0
1968,1556.4827586206898,55.43,26.03,140.0,"Pinus sylvestris L.
",0
1969,1409.8735632183907,55.43,26.03,140.0,"Pinus sylvestris L.
",0
1970,1571.3908045977012,55.43,26.03,140.0,"Pinus sylvestris L.
",0
1971,1344.3218390804598,55.43,26.03,140.0,"Pinus sylvestris L.
",0
1972,1745.183908045977,55.43,26.03,140.0,"Pinus sylvestris L.
",0
1973,1758.2183908045977,55.43,26.03,140.0,"Pinus sylvestris L.
",0
1974,1564.6436781609195,55.43,26.03,140.0,"Pinus sylvestris L.
",0
1975,1486.8735632183907,55.43,26.03,140.0,"Pinus sylvestris L.
",0
1976,1164.2758620689656,55.43,26.03,140.0,"Pinus sylvestris L.
",0
1977,1277.0114942528735,55.43,26.03,140.0,"Pinus sylvestris L.
",0
1978,1375.0,55.43,26.03,140.0,"Pinus sylvestris L.
",0
1979,812.3103448275862,55.43,26.03,140.0,"Pinus sylvestris L.
",0
1980,824.0344827586207,55.43,26.03,140.0,"Pinus sylvestris L.
",0
1981,1013.0344827586207,55.43,26.03,140.0,"Pinus sylvestris L.
",0
1982,1190.5747126436781,55.43,26.03,140.0,"Pinus sylvestris L.
",0
1983,1422.0689655172414,55.43,26.03,140.0,"Pinus sylvestris L.
",0
1984,1317.7011494252874,55.43,26.03,140.0,"Pinus sylvestris L.
",0
1985,1216.4252873563219,55.43,26.03,140.0,"Pinus sylvestris L.
",0
1986,1191.344827586207,55.43,26.03,140.0,"Pinus sylvestris L.
",0
1987,1154.471264367816,55.43,26.03,140.0,"Pinus sylvestris L.
",0
1988,1354.7586206896551,55.43,26.03,140.0,"Pinus sylvestris L.
",0
1989,1466.8850574712644,55.43,26.03,140.0,"Pinus sylvestris L.
",0
1990,1714.367816091954,55.43,26.03,140.0,"Pinus sylvestris L.
",0
1991,1328.4137931034484,55.43,26.03,140.0,"Pinus sylvestris L.
",0
1992,1113.0919540229886,55.43,26.03,140.0,"Pinus sylvestris L.
",0
1993,925.7586206896551,55.43,26.03,140.0,"Pinus sylvestris L.
",0
1994,1044.9655172413793,55.43,26.03,140.0,"Pinus sylvestris L.
",0
1995,1168.2183908045977,55.43,26.03,140.0,"Pinus sylvestris L.
",0
1996,1057.7471264367816,55.43,26.03,140.0,"Pinus sylvestris L.
",0
1997,1249.16091954023,55.43,26.03,140.0,"Pinus sylvestris L.
",0
1998,1203.8620689655172,55.43,26.03,140.0,"Pinus sylvestris L.
",0
1999,1214.8275862068965,55.43,26.03,140.0,"Pinus sylvestris L.
",0
2000,1297.0,55.43,26.03,140.0,"Pinus sylvestris L.
",0
2001,1450.5632183908046,55.43,26.03,140.0,"Pinus sylvestris L.
",0
2002,1397.367816091954,55.43,26.03,140.0,"Pinus sylvestris L.
",0
2003,1408.7241379310344,55.43,26.03,140.0,"Pinus sylvestris L.
",0
1773,120.0,47.03,9.07,1500.0,"Picea abies (L.) H. Karst.
",0
1774,110.0,47.03,9.07,1500.0,"Picea abies (L.) H. Karst.
",0
1775,120.0,47.03,9.07,1500.0,"Picea abies (L.) H. Karst.
",0
1776,95.0,47.03,9.07,1500.0,"Picea abies (L.) H. Karst.
",0
1777,95.0,47.03,9.07,1500.0,"Picea abies (L.) H. Karst.
",0
1778,91.0,47.03,9.07,1500.0,"Picea abies (L.) H. Karst.
",0
1779,63.0,47.03,9.07,1500.0,"Picea abies (L.) H. Karst.
",0
1780,53.0,47.03,9.07,1500.0,"Picea abies (L.) H. Karst.
",0
1781,54.0,47.03,9.07,1500.0,"Picea abies (L.) H. Karst.
",0
1782,79.0,47.03,9.07,1500.0,"Picea abies (L.) H. Karst.
",0
1783,103.0,47.03,9.07,1500.0,"Picea abies (L.) H. Karst.
",0
1784,103.0,47.03,9.07,1500.0,"Picea abies (L.) H. Karst.
",0
1785,115.0,47.03,9.07,1500.0,"Picea abies (L.) H. Karst.
",0
1786,132.0,47.03,9.07,1500.0,"Picea abies (L.) H. Karst.
",0
1787,112.0,47.03,9.07,1500.0,"Picea abies (L.) H. Karst.
",0
1788,103.0,47.03,9.07,1500.0,"Picea abies (L.) H. Karst.
",0
1789,128.0,47.03,9.07,1500.0,"Picea abies (L.) H. Karst.
",0
1790,96.0,47.03,9.07,1500.0,"Picea abies (L.) H. Karst.
",0
1791,117.0,47.03,9.07,1500.0,"Picea abies (L.) H. Karst.
",0
1792,112.0,47.03,9.07,1500.0,"Picea abies (L.) H. Karst.
",0
1793,116.0,47.03,9.07,1500.0,"Picea abies (L.) H. Karst.
",0
1794,128.0,47.03,9.07,1500.0,"Picea abies (L.) H. Karst.
",0
1795,128.0,47.03,9.07,1500.0,"Picea abies (L.) H. Karst.
",0
1796,113.0,47.03,9.07,1500.0,"Picea abies (L.) H. Karst.
",0
1797,104.0,47.03,9.07,1500.0,"Picea abies (L.) H. Karst.
",0
1798,128.0,47.03,9.07,1500.0,"Picea abies (L.) H. Karst.
",0
1799,139.0,47.03,9.07,1500.0,"Picea abies (L.) H. Karst.
",0
1800,125.0,47.03,9.07,1500.0,"Picea abies (L.) H. Karst.
",0
1801,128.66666666666666,47.03,9.07,1500.0,"Picea abies (L.) H. Karst.
",0
1802,127.66666666666667,47.03,9.07,1500.0,"Picea abies (L.) H. Karst.
",0
1803,146.0,47.03,9.07,1500.0,"Picea abies (L.) H. Karst.
",0
1804,182.0,47.03,9.07,1500.0,"Picea abies (L.) H. Karst.
",0
1805,182.0,47.03,9.07,1500.0,"Picea abies (L.) H. Karst.
",0
1806,199.33333333333334,47.03,9.07,1500.0,"Picea abies (L.) H. Karst.
",0
1807,217.0,47.03,9.07,1500.0,"Picea abies (L.) H. Karst.
",0
1808,182.66666666666666,47.03,9.07,1500.0,"Picea abies (L.) H. Karst.
",0
1809,171.66666666666666,47.03,9.07,1500.0,"Picea abies (L.) H. Karst.
",0
1810,168.75,47.03,9.07,1500.0,"Picea abies (L.) H. Karst.
",0
1811,170.5,47.03,9.07,1500.0,"Picea abies (L.) H. Karst.
",0
1812,151.5,47.03,9.07,1500.0,"Picea abies (L.) H. Karst.
",0
1813,124.25,47.03,9.07,1500.0,"Picea abies (L.) H. Karst.
",0
1814,95.0,47.03,9.07,1500.0,"Picea abies (L.) H. Karst.
",0
1815,93.0,47.03,9.07,1500.0,"Picea abies (L.) H. Karst.
",0
1816,74.0,47.03,9.07,1500.0,"Picea abies (L.) H. Karst.
",0
1817,59.75,47.03,9.07,1500.0,"Picea abies (L.) H. Karst.
",0
1818,138.0,47.03,9.07,1500.0,"Picea abies (L.) H. Karst.
",0
1819,133.0,47.03,9.07,1500.0,"Picea abies (L.) H. Karst.
",0
1820,131.83333333333334,47.03,9.07,1500.0,"Picea abies (L.) H. Karst.
",0
1821,102.0,47.03,9.07,1500.0,"Picea abies (L.) H. Karst.
",0
1822,167.83333333333334,47.03,9.07,1500.0,"Picea abies (L.) H. Karst.
",0
1823,143.5,47.03,9.07,1500.0,"Picea abies (L.) H. Karst.
",0
1824,164.0,47.03,9.07,1500.0,"Picea abies (L.) H. Karst.
",0
1825,167.16666666666666,47.03,9.07,1500.0,"Picea abies (L.) H. Karst.
",0
1826,142.33333333333334,47.03,9.07,1500.0,"Picea abies (L.) H. Karst.
",0
1827,164.5,47.03,9.07,1500.0,"Picea abies (L.) H. Karst.
",0
1828,175.83333333333334,47.03,9.07,1500.0,"Picea abies (L.) H. Karst.
",0
1829,176.5,47.03,9.07,1500.0,"Picea abies (L.) H. Karst.
",0
1830,139.16666666666666,47.03,9.07,1500.0,"Picea abies (L.) H. Karst.
",0
1831,150.0,47.03,9.07,1500.0,"Picea abies (L.) H. Karst.
",0
1832,118.0,47.03,9.07,1500.0,"Picea abies (L.) H. Karst.
",0
1833,135.66666666666666,47.03,9.07,1500.0,"Picea abies (L.) H. Karst.
",0
1834,157.16666666666666,47.03,9.07,1500.0,"Picea abies (L.) H. Karst.
",0
1835,161.5,47.03,9.07,1500.0,"Picea abies (L.) H. Karst.
",0
1836,146.33333333333334,47.03,9.07,1500.0,"Picea abies (L.) H. Karst.
",0
1837,137.16666666666666,47.03,9.07,1500.0,"Picea abies (L.) H. Karst.
",0
1838,128.0,47.03,9.07,1500.0,"Picea abies (L.) H. Karst.
",0
1839,167.0,47.03,9.07,1500.0,"Picea abies (L.) H. Karst.
",0
1840,168.71428571428572,47.03,9.07,1500.0,"Picea abies (L.) H. Karst.
",0
1841,155.375,47.03,9.07,1500.0,"Picea abies (L.) H. Karst.
",0
1842,217.375,47.03,9.07,1500.0,"Picea abies (L.) H. Karst.
",0
1843,140.4,47.03,9.07,1500.0,"Picea abies (L.) H. Karst.
",0
1844,164.6,47.03,9.07,1500.0,"Picea abies (L.) H. Karst.
",0
1845,160.1,47.03,9.07,1500.0,"Picea abies (L.) H. Karst.
",0
1846,205.45454545454547,47.03,9.07,1500.0,"Picea abies (L.) H. Karst.
",0
1847,180.54545454545453,47.03,9.07,1500.0,"Picea abies (L.) H. Karst.
",0
1848,209.0909090909091,47.03,9.07,1500.0,"Picea abies (L.) H. Karst.
",0
1849,217.27272727272728,47.03,9.07,1500.0,"Picea abies (L.) H. Karst.
",0
1850,213.1818181818182,47.03,9.07,1500.0,"Picea abies (L.) H. Karst.
",0
1851,186.45454545454547,47.03,9.07,1500.0,"Picea abies (L.) H. Karst.
",0
1852,181.27272727272728,47.03,9.07,1500.0,"Picea abies (L.) H. Karst.
",0
1853,165.54545454545453,47.03,9.07,1500.0,"Picea abies (L.) H. Karst.
",0
1854,189.76923076923077,47.03,9.07,1500.0,"Picea abies (L.) H. Karst.
",0
1855,180.92307692307693,47.03,9.07,1500.0,"Picea abies (L.) H. Karst.
",0
1856,180.3846153846154,47.03,9.07,1500.0,"Picea abies (L.) H. Karst.
",0
1857,203.30769230769232,47.03,9.07,1500.0,"Picea abies (L.) H. Karst.
",0
1858,183.53846153846155,47.03,9.07,1500.0,"Picea abies (L.) H. Karst.
",0
1859,196.78571428571428,47.03,9.07,1500.0,"Picea abies (L.) H. Karst.
",0
1860,153.57142857142858,47.03,9.07,1500.0,"Picea abies (L.) H. Karst.
",0
1861,187.35714285714286,47.03,9.07,1500.0,"Picea abies (L.) H. Karst.
",0
1862,159.8,47.03,9.07,1500.0,"Picea abies (L.) H. Karst.
",0
1863,205.86666666666667,47.03,9.07,1500.0,"Picea abies (L.) H. Karst.
",0
1864,208.625,47.03,9.07,1500.0,"Picea abies (L.) H. Karst.
",0
1865,221.5625,47.03,9.07,1500.0,"Picea abies (L.) H. Karst.
",0
1866,212.125,47.03,9.07,1500.0,"Picea abies (L.) H. Karst.
",0
1867,239.125,47.03,9.07,1500.0,"Picea abies (L.) H. Karst.
",0
1868,218.1875,47.03,9.07,1500.0,"Picea abies (L.) H. Karst.
",0
1869,245.1875,47.03,9.07,1500.0,"Picea abies (L.) H. Karst.
",0
1870,225.3125,47.03,9.07,1500.0,"Picea abies (L.) H. Karst.
",0
1871,215.0625,47.03,9.07,1500.0,"Picea abies (L.) H. Karst.
",0
1872,196.0625,47.03,9.07,1500.0,"Picea abies (L.) H. Karst.
",0
1873,216.3125,47.03,9.07,1500.0,"Picea abies (L.) H. Karst.
",0
1874,188.4375,47.03,9.07,1500.0,"Picea abies (L.) H. Karst.
",0
1875,193.0625,47.03,9.07,1500.0,"Picea abies (L.) H. Karst.
",0
1876,175.41176470588235,47.03,9.07,1500.0,"Picea abies (L.) H. Karst.
",0
1877,166.35294117647058,47.03,9.07,1500.0,"Picea abies (L.) H. Karst.
",0
1878,179.7058823529412,47.03,9.07,1500.0,"Picea abies (L.) H. Karst.
",0
1879,174.7058823529412,47.03,9.07,1500.0,"Picea abies (L.) H. Karst.
",0
1880,186.94117647058823,47.03,9.07,1500.0,"Picea abies (L.) H. Karst.
",0
1881,253.47058823529412,47.03,9.07,1500.0,"Picea abies (L.) H. Karst.
",0
1882,196.5,47.03,9.07,1500.0,"Picea abies (L.) H. Karst.
",0
1883,180.68421052631578,47.03,9.07,1500.0,"Picea abies (L.) H. Karst.
",0
1884,177.68421052631578,47.03,9.07,1500.0,"Picea abies (L.) H. Karst.
",0
1885,171.47368421052633,47.03,9.07,1500.0,"Picea abies (L.) H. Karst.
",0
1886,150.3684210526316,47.03,9.07,1500.0,"Picea abies (L.) H. Karst.
",0
1887,186.52631578947367,47.03,9.07,1500.0,"Picea abies (L.) H. Karst.
",0
1888,143.8421052631579,47.03,9.07,1500.0,"Picea abies (L.) H. Karst.
",0
1889,180.73684210526315,47.03,9.07,1500.0,"Picea abies (L.) H. Karst.
",0
1890,157.26315789473685,47.03,9.07,1500.0,"Picea abies (L.) H. Karst.
",0
1891,137.2,47.03,9.07,1500.0,"Picea abies (L.) H. Karst.
",0
1892,163.05,47.03,9.07,1500.0,"Picea abies (L.) H. Karst.
",0
1893,164.75,47.03,9.07,1500.0,"Picea abies (L.) H. Karst.
",0
1894,172.15,47.03,9.07,1500.0,"Picea abies (L.) H. Karst.
",0
1895,178.05,47.03,9.07,1500.0,"Picea abies (L.) H. Karst.
",0
1896,156.75,47.03,9.07,1500.0,"Picea abies (L.) H. Karst.
",0
1897,167.25,47.03,9.07,1500.0,"Picea abies (L.) H. Karst.
",0
1898,153.55,47.03,9.07,1500.0,"Picea abies (L.) H. Karst.
",0
1899,160.55,47.03,9.07,1500.0,"Picea abies (L.) H. Karst.
",0
1900,153.65,47.03,9.07,1500.0,"Picea abies (L.) H. Karst.
",0
1901,185.85,47.03,9.07,1500.0,"Picea abies (L.) H. Karst.
",0
1902,152.5,47.03,9.07,1500.0,"Picea abies (L.) H. Karst.
",0
1903,154.0,47.03,9.07,1500.0,"Picea abies (L.) H. Karst.
",0
1904,198.35,47.03,9.07,1500.0,"Picea abies (L.) H. Karst.
",0
1905,182.5,47.03,9.07,1500.0,"Picea abies (L.) H. Karst.
",0
1906,150.15,47.03,9.07,1500.0,"Picea abies (L.) H. Karst.
",0
1907,153.65,47.03,9.07,1500.0,"Picea abies (L.) H. Karst.
",0
1908,199.76190476190476,47.03,9.07,1500.0,"Picea abies (L.) H. Karst.
",0
1909,151.71428571428572,47.03,9.07,1500.0,"Picea abies (L.) H. Karst.
",0
1910,175.95238095238096,47.03,9.07,1500.0,"Picea abies (L.) H. Karst.
",0
1911,199.66666666666666,47.03,9.07,1500.0,"Picea abies (L.) H. Karst.
",0
1912,154.95454545454547,47.03,9.07,1500.0,"Picea abies (L.) H. Karst.
",0
1913,132.45454545454547,47.03,9.07,1500.0,"Picea abies (L.) H. Karst.
",0
1914,145.27272727272728,47.03,9.07,1500.0,"Picea abies (L.) H. Karst.
",0
1915,158.86363636363637,47.03,9.07,1500.0,"Picea abies (L.) H. Karst.
",0
1916,157.0,47.03,9.07,1500.0,"Picea abies (L.) H. Karst.
",0
1917,187.4090909090909,47.03,9.07,1500.0,"Picea abies (L.) H. Karst.
",0
1918,146.9090909090909,47.03,9.07,1500.0,"Picea abies (L.) H. Karst.
",0
1919,158.8181818181818,47.03,9.07,1500.0,"Picea abies (L.) H. Karst.
",0
1920,157.13636363636363,47.03,9.07,1500.0,"Picea abies (L.) H. Karst.
",0
1921,177.77272727272728,47.03,9.07,1500.0,"Picea abies (L.) H. Karst.
",0
1922,160.22727272727272,47.03,9.07,1500.0,"Picea abies (L.) H. Karst.
",0
1923,194.04545454545453,47.03,9.07,1500.0,"Picea abies (L.) H. Karst.
",0
1924,188.63636363636363,47.03,9.07,1500.0,"Picea abies (L.) H. Karst.
",0
1925,191.45454545454547,47.03,9.07,1500.0,"Picea abies (L.) H. Karst.
",0
1926,157.1818181818182,47.03,9.07,1500.0,"Picea abies (L.) H. Karst.
",0
1927,168.22727272727272,47.03,9.07,1500.0,"Picea abies (L.) H. Karst.
",0
1928,183.95454545454547,47.03,9.07,1500.0,"Picea abies (L.) H. Karst.
",0
1929,156.5909090909091,47.03,9.07,1500.0,"Picea abies (L.) H. Karst.
",0
1930,149.54545454545453,47.03,9.07,1500.0,"Picea abies (L.) H. Karst.
",0
1931,164.4090909090909,47.03,9.07,1500.0,"Picea abies (L.) H. Karst.
",0
1932,144.3913043478261,47.03,9.07,1500.0,"Picea abies (L.) H. Karst.
",0
1933,119.95652173913044,47.03,9.07,1500.0,"Picea abies (L.) H. Karst.
",0
1934,128.95652173913044,47.03,9.07,1500.0,"Picea abies (L.) H. Karst.
",0
1935,144.30434782608697,47.03,9.07,1500.0,"Picea abies (L.) H. Karst.
",0
1936,138.2173913043478,47.03,9.07,1500.0,"Picea abies (L.) H. Karst.
",0
1937,154.2173913043478,47.03,9.07,1500.0,"Picea abies (L.) H. Karst.
",0
1938,158.91304347826087,47.03,9.07,1500.0,"Picea abies (L.) H. Karst.
",0
1939,160.91304347826087,47.03,9.07,1500.0,"Picea abies (L.) H. Karst.
",0
1940,160.2608695652174,47.03,9.07,1500.0,"Picea abies (L.) H. Karst.
",0
1941,161.69565217391303,47.03,9.07,1500.0,"Picea abies (L.) H. Karst.
",0
1942,176.30434782608697,47.03,9.07,1500.0,"Picea abies (L.) H. Karst.
",0
1943,193.6086956521739,47.03,9.07,1500.0,"Picea abies (L.) H. Karst.
",0
1944,190.34782608695653,47.03,9.07,1500.0,"Picea abies (L.) H. Karst.
",0
1945,203.69565217391303,47.03,9.07,1500.0,"Picea abies (L.) H. Karst.
",0
1946,191.2608695652174,47.03,9.07,1500.0,"Picea abies (L.) H. Karst.
",0
1947,200.34782608695653,47.03,9.07,1500.0,"Picea abies (L.) H. Karst.
",0
1948,120.91304347826087,47.03,9.07,1500.0,"Picea abies (L.) H. Karst.
",0
1949,163.0,47.03,9.07,1500.0,"Picea abies (L.) H. Karst.
",0
1950,147.69565217391303,47.03,9.07,1500.0,"Picea abies (L.) H. Karst.
",0
1951,165.82608695652175,47.03,9.07,1500.0,"Picea abies (L.) H. Karst.
",0
1952,195.2608695652174,47.03,9.07,1500.0,"Picea abies (L.) H. Karst.
",0
1953,164.95652173913044,47.03,9.07,1500.0,"Picea abies (L.) H. Karst.
",0
1954,135.04347826086956,47.03,9.07,1500.0,"Picea abies (L.) H. Karst.
",0
1955,151.1304347826087,47.03,9.07,1500.0,"Picea abies (L.) H. Karst.
",0
1956,121.52173913043478,47.03,9.07,1500.0,"Picea abies (L.) H. Karst.
",0
1957,116.52173913043478,47.03,9.07,1500.0,"Picea abies (L.) H. Karst.
",0
1958,122.43478260869566,47.03,9.07,1500.0,"Picea abies (L.) H. Karst.
",0
1959,135.04347826086956,47.03,9.07,1500.0,"Picea abies (L.) H. Karst.
",0
1960,121.82608695652173,47.03,9.07,1500.0,"Picea abies (L.) H. Karst.
",0
1961,133.56521739130434,47.03,9.07,1500.0,"Picea abies (L.) H. Karst.
",0
1962,120.21739130434783,47.03,9.07,1500.0,"Picea abies (L.) H. Karst.
",0
1963,135.7391304347826,47.03,9.07,1500.0,"Picea abies (L.) H. Karst.
",0
1964,155.0,47.03,9.07,1500.0,"Picea abies (L.) H. Karst.
",0
1965,129.3913043478261,47.03,9.07,1500.0,"Picea abies (L.) H. Karst.
",0
1966,143.08695652173913,47.03,9.07,1500.0,"Picea abies (L.) H. Karst.
",0
1967,157.69565217391303,47.03,9.07,1500.0,"Picea abies (L.) H. Karst.
",0
1968,151.65217391304347,47.03,9.07,1500.0,"Picea abies (L.) H. Karst.
",0
1969,180.7826086956522,47.03,9.07,1500.0,"Picea abies (L.) H. Karst.
",0
1970,158.43478260869566,47.03,9.07,1500.0,"Picea abies (L.) H. Karst.
",0
1971,154.56521739130434,47.03,9.07,1500.0,"Picea abies (L.) H. Karst.
",0
1972,143.82608695652175,47.03,9.07,1500.0,"Picea abies (L.) H. Karst.
",0
1973,152.82608695652175,47.03,9.07,1500.0,"Picea abies (L.) H. Karst.
",0
1974,112.1304347826087,47.03,9.07,1500.0,"Picea abies (L.) H. Karst.
",0
1975,117.0,47.03,9.07,1500.0,"Picea abies (L.) H. Karst.
",0
1976,125.26086956521739,47.03,9.07,1500.0,"Picea abies (L.) H. Karst.
",0
1977,138.17391304347825,47.03,9.07,1500.0,"Picea abies (L.) H. Karst.
",0
1978,128.17391304347825,47.03,9.07,1500.0,"Picea abies (L.) H. Karst.
",0
1979,142.17391304347825,47.03,9.07,1500.0,"Picea abies (L.) H. Karst.
",0
1980,119.69565217391305,47.03,9.07,1500.0,"Picea abies (L.) H. Karst.
",0
1981,142.65217391304347,47.03,9.07,1500.0,"Picea abies (L.) H. Karst.
",0
1982,180.08695652173913,47.03,9.07,1500.0,"Picea abies (L.) H. Karst.
",0
1983,184.6086956521739,47.03,9.07,1500.0,"Picea abies (L.) H. Karst.
",0
1984,138.82608695652175,47.03,9.07,1500.0,"Picea abies (L.) H. Karst.
",0
1985,160.30434782608697,47.03,9.07,1500.0,"Picea abies (L.) H. Karst.
",0
1986,142.82608695652175,47.03,9.07,1500.0,"Picea abies (L.) H. Karst.
",0
1987,115.8695652173913,47.03,9.07,1500.0,"Picea abies (L.) H. Karst.
",0
1988,164.2173913043478,47.03,9.07,1500.0,"Picea abies (L.) H. Karst.
",0
1989,160.3913043478261,47.03,9.07,1500.0,"Picea abies (L.) H. Karst.
",0
1990,138.52173913043478,47.03,9.07,1500.0,"Picea abies (L.) H. Karst.
",0
1991,126.04347826086956,47.03,9.07,1500.0,"Picea abies (L.) H. Karst.
",0
1992,125.43478260869566,47.03,9.07,1500.0,"Picea abies (L.) H. Karst.
",0
1993,136.2173913043478,47.03,9.07,1500.0,"Picea abies (L.) H. Karst.
",0
1994,160.8695652173913,47.03,9.07,1500.0,"Picea abies (L.) H. Karst.
",0
1995,140.0,47.03,9.07,1500.0,"Picea abies (L.) H. Karst.
",0
1996,121.47826086956522,47.03,9.07,1500.0,"Picea abies (L.) H. Karst.
",0
1997,114.04347826086956,47.03,9.07,1500.0,"Picea abies (L.) H. Karst.
",0
1998,128.52173913043478,47.03,9.07,1500.0,"Picea abies (L.) H. Karst.
",0
1999,135.1304347826087,47.03,9.07,1500.0,"Picea abies (L.) H. Karst.
",0
2000,155.95652173913044,47.03,9.07,1500.0,"Picea abies (L.) H. Karst.
",0
2001,190.30434782608697,47.03,9.07,1500.0,"Picea abies (L.) H. Karst.
",0
2002,160.2608695652174,47.03,9.07,1500.0,"Picea abies (L.) H. Karst.
",0
2003,161.69565217391303,47.03,9.07,1500.0,"Picea abies (L.) H. Karst.
",0
2004,123.30434782608695,47.03,9.07,1500.0,"Picea abies (L.) H. Karst.
",0
2005,139.95652173913044,47.03,9.07,1500.0,"Picea abies (L.) H. Karst.
",0
2006,160.82608695652175,47.03,9.07,1500.0,"Picea abies (L.) H. Karst.
",0
2007,143.65217391304347,47.03,9.07,1500.0,"Picea abies (L.) H. Karst.
",0
1841,452.0,51.1833,8.4333,710.0,"Picea abies (L.) H. Karst.
",0
1842,407.0,51.1833,8.4333,710.0,"Picea abies (L.) H. Karst.
",0
1843,408.0,51.1833,8.4333,710.0,"Picea abies (L.) H. Karst.
",0
1844,488.0,51.1833,8.4333,710.0,"Picea abies (L.) H. Karst.
",0
1845,317.5,51.1833,8.4333,710.0,"Picea abies (L.) H. Karst.
",0
1846,338.5,51.1833,8.4333,710.0,"Picea abies (L.) H. Karst.
",0
1847,333.0,51.1833,8.4333,710.0,"Picea abies (L.) H. Karst.
",0
1848,438.5,51.1833,8.4333,710.0,"Picea abies (L.) H. Karst.
",0
1849,366.5,51.1833,8.4333,710.0,"Picea abies (L.) H. Karst.
",0
1850,389.0,51.1833,8.4333,710.0,"Picea abies (L.) H. Karst.
",0
1851,477.6666666666667,51.1833,8.4333,710.0,"Picea abies (L.) H. Karst.
",0
1852,464.3333333333333,51.1833,8.4333,710.0,"Picea abies (L.) H. Karst.
",0
1853,472.6666666666667,51.1833,8.4333,710.0,"Picea abies (L.) H. Karst.
",0
1854,467.3333333333333,51.1833,8.4333,710.0,"Picea abies (L.) H. Karst.
",0
1855,443.6666666666667,51.1833,8.4333,710.0,"Picea abies (L.) H. Karst.
",0
1856,438.6666666666667,51.1833,8.4333,710.0,"Picea abies (L.) H. Karst.
",0
1857,399.6666666666667,51.1833,8.4333,710.0,"Picea abies (L.) H. Karst.
",0
1858,350.6666666666667,51.1833,8.4333,710.0,"Picea abies (L.) H. Karst.
",0
1859,263.6666666666667,51.1833,8.4333,710.0,"Picea abies (L.) H. Karst.
",0
1860,308.3333333333333,51.1833,8.4333,710.0,"Picea abies (L.) H. Karst.
",0
1861,418.6666666666667,51.1833,8.4333,710.0,"Picea abies (L.) H. Karst.
",0
1862,346.6666666666667,51.1833,8.4333,710.0,"Picea abies (L.) H. Karst.
",0
1863,330.3333333333333,51.1833,8.4333,710.0,"Picea abies (L.) H. Karst.
",0
1864,314.6666666666667,51.1833,8.4333,710.0,"Picea abies (L.) H. Karst.
",0
1865,322.3333333333333,51.1833,8.4333,710.0,"Picea abies (L.) H. Karst.
",0
1866,291.3333333333333,51.1833,8.4333,710.0,"Picea abies (L.) H. Karst.
",0
1867,291.6666666666667,51.1833,8.4333,710.0,"Picea abies (L.) H. Karst.
",0
1868,199.66666666666666,51.1833,8.4333,710.0,"Picea abies (L.) H. Karst.
",0
1869,154.33333333333334,51.1833,8.4333,710.0,"Picea abies (L.) H. Karst.
",0
1870,159.66666666666666,51.1833,8.4333,710.0,"Picea abies (L.) H. Karst.
",0
1871,135.66666666666666,51.1833,8.4333,710.0,"Picea abies (L.) H. Karst.
",0
1872,168.66666666666666,51.1833,8.4333,710.0,"Picea abies (L.) H. Karst.
",0
1873,225.0,51.1833,8.4333,710.0,"Picea abies (L.) H. Karst.
",0
1874,197.0,51.1833,8.4333,710.0,"Picea abies (L.) H. Karst.
",0
1875,218.75,51.1833,8.4333,710.0,"Picea abies (L.) H. Karst.
",0
1876,196.5,51.1833,8.4333,710.0,"Picea abies (L.) H. Karst.
",0
1877,157.5,51.1833,8.4333,710.0,"Picea abies (L.) H. Karst.
",0
1878,218.0,51.1833,8.4333,710.0,"Picea abies (L.) H. Karst.
",0
1879,220.0,51.1833,8.4333,710.0,"Picea abies (L.) H. Karst.
",0
1880,230.4,51.1833,8.4333,710.0,"Picea abies (L.) H. Karst.
",0
1881,213.8,51.1833,8.4333,710.0,"Picea abies (L.) H. Karst.
",0
1882,219.4,51.1833,8.4333,710.0,"Picea abies (L.) H. Karst.
",0
1883,172.0,51.1833,8.4333,710.0,"Picea abies (L.) H. Karst.
",0
1884,235.8,51.1833,8.4333,710.0,"Picea abies (L.) H. Karst.
",0
1885,216.4,51.1833,8.4333,710.0,"Picea abies (L.) H. Karst.
",0
1886,204.4,51.1833,8.4333,710.0,"Picea abies (L.) H. Karst.
",0
1887,181.8,51.1833,8.4333,710.0,"Picea abies (L.) H. Karst.
",0
1888,191.0,51.1833,8.4333,710.0,"Picea abies (L.) H. Karst.
",0
1889,202.83333333333334,51.1833,8.4333,710.0,"Picea abies (L.) H. Karst.
",0
1890,231.71428571428572,51.1833,8.4333,710.0,"Picea abies (L.) H. Karst.
",0
1891,225.5,51.1833,8.4333,710.0,"Picea abies (L.) H. Karst.
",0
1892,249.0,51.1833,8.4333,710.0,"Picea abies (L.) H. Karst.
",0
1893,209.22222222222223,51.1833,8.4333,710.0,"Picea abies (L.) H. Karst.
",0
1894,209.2,51.1833,8.4333,710.0,"Picea abies (L.) H. Karst.
",0
1895,262.9,51.1833,8.4333,710.0,"Picea abies (L.) H. Karst.
",0
1896,255.0,51.1833,8.4333,710.0,"Picea abies (L.) H. Karst.
",0
1897,272.5,51.1833,8.4333,710.0,"Picea abies (L.) H. Karst.
",0
1898,272.8,51.1833,8.4333,710.0,"Picea abies (L.) H. Karst.
",0
1899,257.6,51.1833,8.4333,710.0,"Picea abies (L.) H. Karst.
",0
1900,209.9,51.1833,8.4333,710.0,"Picea abies (L.) H. Karst.
",0
1901,225.0,51.1833,8.4333,710.0,"Picea abies (L.) H. Karst.
",0
1902,179.4,51.1833,8.4333,710.0,"Picea abies (L.) H. Karst.
",0
1903,199.6,51.1833,8.4333,710.0,"Picea abies (L.) H. Karst.
",0
1904,216.1,51.1833,8.4333,710.0,"Picea abies (L.) H. Karst.
",0
1905,249.4,51.1833,8.4333,710.0,"Picea abies (L.) H. Karst.
",0
1906,232.0,51.1833,8.4333,710.0,"Picea abies (L.) H. Karst.
",0
1907,240.8181818181818,51.1833,8.4333,710.0,"Picea abies (L.) H. Karst.
",0
1908,309.6666666666667,51.1833,8.4333,710.0,"Picea abies (L.) H. Karst.
",0
1909,375.7692307692308,51.1833,8.4333,710.0,"Picea abies (L.) H. Karst.
",0
1910,348.0,51.1833,8.4333,710.0,"Picea abies (L.) H. Karst.
",0
1911,289.3076923076923,51.1833,8.4333,710.0,"Picea abies (L.) H. Karst.
",0
1912,281.38461538461536,51.1833,8.4333,710.0,"Picea abies (L.) H. Karst.
",0
1913,235.6153846153846,51.1833,8.4333,710.0,"Picea abies (L.) H. Karst.
",0
1914,254.92307692307693,51.1833,8.4333,710.0,"Picea abies (L.) H. Karst.
",0
1915,310.7857142857143,51.1833,8.4333,710.0,"Picea abies (L.) H. Karst.
",0
1916,334.57142857142856,51.1833,8.4333,710.0,"Picea abies (L.) H. Karst.
",0
1917,315.7857142857143,51.1833,8.4333,710.0,"Picea abies (L.) H. Karst.
",0
1918,343.2142857142857,51.1833,8.4333,710.0,"Picea abies (L.) H. Karst.
",0
1919,312.42857142857144,51.1833,8.4333,710.0,"Picea abies (L.) H. Karst.
",0
1920,312.64285714285717,51.1833,8.4333,710.0,"Picea abies (L.) H. Karst.
",0
1921,332.2142857142857,51.1833,8.4333,710.0,"Picea abies (L.) H. Karst.
",0
1922,256.35714285714283,51.1833,8.4333,710.0,"Picea abies (L.) H. Karst.
",0
1923,170.0,51.1833,8.4333,710.0,"Picea abies (L.) H. Karst.
",0
1924,220.78571428571428,51.1833,8.4333,710.0,"Picea abies (L.) H. Karst.
",0
1925,289.0,51.1833,8.4333,710.0,"Picea abies (L.) H. Karst.
",0
1926,263.35714285714283,51.1833,8.4333,710.0,"Picea abies (L.) H. Karst.
",0
1927,260.85714285714283,51.1833,8.4333,710.0,"Picea abies (L.) H. Karst.
",0
1928,255.64285714285714,51.1833,8.4333,710.0,"Picea abies (L.) H. Karst.
",0
1929,310.35714285714283,51.1833,8.4333,710.0,"Picea abies (L.) H. Karst.
",0
1930,318.85714285714283,51.1833,8.4333,710.0,"Picea abies (L.) H. Karst.
",0
1931,336.7857142857143,51.1833,8.4333,710.0,"Picea abies (L.) H. Karst.
",0
1932,300.57142857142856,51.1833,8.4333,710.0,"Picea abies (L.) H. Karst.
",0
1933,323.07142857142856,51.1833,8.4333,710.0,"Picea abies (L.) H. Karst.
",0
1934,300.64285714285717,51.1833,8.4333,710.0,"Picea abies (L.) H. Karst.
",0
1935,309.07142857142856,51.1833,8.4333,710.0,"Picea abies (L.) H. Karst.
",0
1936,298.85714285714283,51.1833,8.4333,710.0,"Picea abies (L.) H. Karst.
",0
1937,274.14285714285717,51.1833,8.4333,710.0,"Picea abies (L.) H. Karst.
",0
1938,260.7142857142857,51.1833,8.4333,710.0,"Picea abies (L.) H. Karst.
",0
1939,302.0,51.1833,8.4333,710.0,"Picea abies (L.) H. Karst.
",0
1940,259.2142857142857,51.1833,8.4333,710.0,"Picea abies (L.) H. Karst.
",0
1941,222.42857142857142,51.1833,8.4333,710.0,"Picea abies (L.) H. Karst.
",0
1942,182.92857142857142,51.1833,8.4333,710.0,"Picea abies (L.) H. Karst.
",0
1943,289.42857142857144,51.1833,8.4333,710.0,"Picea abies (L.) H. Karst.
",0
1944,216.85714285714286,51.1833,8.4333,710.0,"Picea abies (L.) H. Karst.
",0
1945,249.14285714285714,51.1833,8.4333,710.0,"Picea abies (L.) H. Karst.
",0
1946,271.07142857142856,51.1833,8.4333,710.0,"Picea abies (L.) H. Karst.
",0
1947,189.5,51.1833,8.4333,710.0,"Picea abies (L.) H. Karst.
",0
1948,113.64285714285714,51.1833,8.4333,710.0,"Picea abies (L.) H. Karst.
",0
1949,204.71428571428572,51.1833,8.4333,710.0,"Picea abies (L.) H. Karst.
",0
1950,231.07142857142858,51.1833,8.4333,710.0,"Picea abies (L.) H. Karst.
",0
1951,260.7142857142857,51.1833,8.4333,710.0,"Picea abies (L.) H. Karst.
",0
1952,274.14285714285717,51.1833,8.4333,710.0,"Picea abies (L.) H. Karst.
",0
1953,330.7857142857143,51.1833,8.4333,710.0,"Picea abies (L.) H. Karst.
",0
1954,197.92857142857142,51.1833,8.4333,710.0,"Picea abies (L.) H. Karst.
",0
1955,239.71428571428572,51.1833,8.4333,710.0,"Picea abies (L.) H. Karst.
",0
1956,171.5,51.1833,8.4333,710.0,"Picea abies (L.) H. Karst.
",0
1957,199.5,51.1833,8.4333,710.0,"Picea abies (L.) H. Karst.
",0
1958,233.28571428571428,51.1833,8.4333,710.0,"Picea abies (L.) H. Karst.
",0
1959,255.78571428571428,51.1833,8.4333,710.0,"Picea abies (L.) H. Karst.
",0
1960,183.14285714285714,51.1833,8.4333,710.0,"Picea abies (L.) H. Karst.
",0
1961,182.14285714285714,51.1833,8.4333,710.0,"Picea abies (L.) H. Karst.
",0
1962,163.42857142857142,51.1833,8.4333,710.0,"Picea abies (L.) H. Karst.
",0
1963,237.5,51.1833,8.4333,710.0,"Picea abies (L.) H. Karst.
",0
1964,193.64285714285714,51.1833,8.4333,710.0,"Picea abies (L.) H. Karst.
",0
1965,138.14285714285714,51.1833,8.4333,710.0,"Picea abies (L.) H. Karst.
",0
1966,206.78571428571428,51.1833,8.4333,710.0,"Picea abies (L.) H. Karst.
",0
1967,201.64285714285714,51.1833,8.4333,710.0,"Picea abies (L.) H. Karst.
",0
1968,196.71428571428572,51.1833,8.4333,710.0,"Picea abies (L.) H. Karst.
",0
1969,172.35714285714286,51.1833,8.4333,710.0,"Picea abies (L.) H. Karst.
",0
1970,175.0,51.1833,8.4333,710.0,"Picea abies (L.) H. Karst.
",0
1971,188.57142857142858,51.1833,8.4333,710.0,"Picea abies (L.) H. Karst.
",0
1972,154.71428571428572,51.1833,8.4333,710.0,"Picea abies (L.) H. Karst.
",0
1973,114.35714285714286,51.1833,8.4333,710.0,"Picea abies (L.) H. Karst.
",0
1974,96.07142857142857,51.1833,8.4333,710.0,"Picea abies (L.) H. Karst.
",0
1975,127.21428571428571,51.1833,8.4333,710.0,"Picea abies (L.) H. Karst.
",0
1976,89.42857142857143,51.1833,8.4333,710.0,"Picea abies (L.) H. Karst.
",0
1977,104.57142857142857,51.1833,8.4333,710.0,"Picea abies (L.) H. Karst.
",0
1978,135.21428571428572,51.1833,8.4333,710.0,"Picea abies (L.) H. Karst.
",0
1979,170.35714285714286,51.1833,8.4333,710.0,"Picea abies (L.) H. Karst.
",0
1980,151.21428571428572,51.1833,8.4333,710.0,"Picea abies (L.) H. Karst.
",0
1981,158.28571428571428,51.1833,8.4333,710.0,"Picea abies (L.) H. Karst.
",0
1982,171.92857142857142,51.1833,8.4333,710.0,"Picea abies (L.) H. Karst.
",0
1983,177.42857142857142,51.1833,8.4333,710.0,"Picea abies (L.) H. Karst.
",0
1984,104.64285714285714,51.1833,8.4333,710.0,"Picea abies (L.) H. Karst.
",0
1985,153.07142857142858,51.1833,8.4333,710.0,"Picea abies (L.) H. Karst.
",0
1986,150.78571428571428,51.1833,8.4333,710.0,"Picea abies (L.) H. Karst.
",0
1987,123.85714285714286,51.1833,8.4333,710.0,"Picea abies (L.) H. Karst.
",0
1988,153.07142857142858,51.1833,8.4333,710.0,"Picea abies (L.) H. Karst.
",0
1989,170.64285714285714,51.1833,8.4333,710.0,"Picea abies (L.) H. Karst.
",0
1990,171.57142857142858,51.1833,8.4333,710.0,"Picea abies (L.) H. Karst.
",0
1991,163.42857142857142,51.1833,8.4333,710.0,"Picea abies (L.) H. Karst.
",0
1992,185.5,51.1833,8.4333,710.0,"Picea abies (L.) H. Karst.
",0
1993,233.5,51.1833,8.4333,710.0,"Picea abies (L.) H. Karst.
",0
1994,197.92857142857142,51.1833,8.4333,710.0,"Picea abies (L.) H. Karst.
",0
1995,148.28571428571428,51.1833,8.4333,710.0,"Picea abies (L.) H. Karst.
",0
1996,176.35714285714286,51.1833,8.4333,710.0,"Picea abies (L.) H. Karst.
",0
1997,258.7857142857143,51.1833,8.4333,710.0,"Picea abies (L.) H. Karst.
",0
1998,243.85714285714286,51.1833,8.4333,710.0,"Picea abies (L.) H. Karst.
",0
1999,347.42857142857144,51.1833,8.4333,710.0,"Picea abies (L.) H. Karst.
",0
2000,200.78571428571428,51.1833,8.4333,710.0,"Picea abies (L.) H. Karst.
",0
2001,284.2142857142857,51.1833,8.4333,710.0,"Picea abies (L.) H. Karst.
",0
2002,325.42857142857144,51.1833,8.4333,710.0,"Picea abies (L.) H. Karst.
",0
2003,286.35714285714283,51.1833,8.4333,710.0,"Picea abies (L.) H. Karst.
",0
2004,216.78571428571428,51.1833,8.4333,710.0,"Picea abies (L.) H. Karst.
",0
2005,308.42857142857144,51.1833,8.4333,710.0,"Picea abies (L.) H. Karst.
",0
